DELETE FROM `npc_vendor` WHERE `entry` IN('93907','93906','93914','93915','86176','86175','88230','88155','92501','86391','86387','86389','91321','86390','85946','85932','88235','85950','87057','85951','87365','85849');
UPDATE `creature_template` SET `npcflag`=128 WHERE `entry` IN('93907','93906','93914','93915','86176','86175','88230','88155','92501','86391','86387','86389','91321','86390','85946','85932','88235','85950','87057','85951','87365','85849');

-- Amelia Clarke
-- http://es.wowhead.com/npc=93907 86408
INSERT INTO `npc_vendor` (`entry`, `slot`, `item`, `maxcount`, `ExtendedCost`, `type`, `PlayerConditionID`, `IgnoreFiltering`, `VerifiedBuild`) VALUES
(93907, 185, 129934, 0, 5966, 1, 0, 0, 22810),
(93907, 184, 124851, 0, 5963, 1, 0, 0, 22810),
(93907, 183, 124749, 0, 5963, 1, 0, 0, 22810),
(93907, 182, 124748, 0, 5963, 1, 0, 0, 22810),
(93907, 181, 124742, 0, 5963, 1, 0, 0, 22810),
(93907, 180, 124741, 0, 5963, 1, 0, 0, 22810),
(93907, 179, 124843, 0, 5966, 1, 0, 0, 22810),
(93907, 178, 124842, 0, 5966, 1, 0, 0, 22810),
(93907, 177, 124841, 0, 5966, 1, 0, 0, 22810),
(93907, 176, 124840, 0, 5966, 1, 0, 0, 22810),
(93907, 175, 124839, 0, 5966, 1, 0, 0, 22810),
(93907, 174, 124838, 0, 5966, 1, 0, 0, 22810),
(93907, 173, 124837, 0, 5966, 1, 0, 0, 22810),
(93907, 172, 124732, 0, 5966, 1, 0, 0, 22810),
(93907, 171, 124731, 0, 5966, 1, 0, 0, 22810),
(93907, 170, 124730, 0, 5966, 1, 0, 0, 22810),
(93907, 169, 124729, 0, 5966, 1, 0, 0, 22810),
(93907, 168, 124728, 0, 5966, 1, 0, 0, 22810),
(93907, 167, 124727, 0, 5966, 1, 0, 0, 22810),
(93907, 166, 124726, 0, 5966, 1, 0, 0, 22810),
(93907, 165, 124684, 0, 5966, 1, 0, 0, 22810),
(93907, 164, 124683, 0, 5966, 1, 0, 0, 22810),
(93907, 163, 124682, 0, 5966, 1, 0, 0, 22810),
(93907, 162, 124681, 0, 5966, 1, 0, 0, 22810),
(93907, 161, 124680, 0, 5966, 1, 0, 0, 22810),
(93907, 160, 124679, 0, 5966, 1, 0, 0, 22810),
(93907, 159, 124678, 0, 5966, 1, 0, 0, 22810),
(93907, 158, 124677, 0, 5966, 1, 0, 0, 22810),
(93907, 157, 124676, 0, 5966, 1, 0, 0, 22810),
(93907, 156, 124675, 0, 5966, 1, 0, 0, 22810),
(93907, 155, 124852, 0, 5962, 1, 0, 0, 22810),
(93907, 154, 124845, 0, 5962, 1, 0, 0, 22810),
(93907, 153, 124844, 0, 5962, 1, 0, 0, 22810),
(93907, 152, 124736, 0, 5962, 1, 0, 0, 22810),
(93907, 151, 124735, 0, 5962, 1, 0, 0, 22810),
(93907, 150, 124734, 0, 5962, 1, 0, 0, 22810),
(93907, 149, 124733, 0, 5962, 1, 0, 0, 22810),
(93907, 148, 124686, 0, 5962, 1, 0, 0, 22810),
(93907, 147, 124685, 0, 5962, 1, 0, 0, 22810),
(93907, 146, 124821, 0, 5963, 1, 0, 0, 22810),
(93907, 145, 124820, 0, 5964, 1, 0, 0, 22810),
(93907, 144, 124819, 0, 5964, 1, 0, 0, 22810),
(93907, 143, 124818, 0, 5963, 1, 0, 0, 22810),
(93907, 142, 124817, 0, 5964, 1, 0, 0, 22810),
(93907, 141, 124816, 0, 5963, 1, 0, 0, 22810),
(93907, 140, 124815, 0, 5964, 1, 0, 0, 22810),
(93907, 139, 124814, 0, 5964, 1, 0, 0, 22810),
(93907, 138, 124813, 0, 5963, 1, 0, 0, 22810),
(93907, 137, 124812, 0, 5964, 1, 0, 0, 22810),
(93907, 136, 124792, 0, 5963, 1, 0, 0, 22810),
(93907, 135, 124791, 0, 5964, 1, 0, 0, 22810),
(93907, 134, 124790, 0, 5964, 1, 0, 0, 22810),
(93907, 133, 124789, 0, 5963, 1, 0, 0, 22810),
(93907, 132, 124788, 0, 5964, 1, 0, 0, 22810),
(93907, 131, 124787, 0, 5963, 1, 0, 0, 22810),
(93907, 130, 124786, 0, 5964, 1, 0, 0, 22810),
(93907, 129, 124785, 0, 5964, 1, 0, 0, 22810),
(93907, 128, 124784, 0, 5963, 1, 0, 0, 22810),
(93907, 127, 124783, 0, 5964, 1, 0, 0, 22810),
(93907, 126, 124768, 0, 5963, 1, 0, 0, 22810),
(93907, 125, 124767, 0, 5964, 1, 0, 0, 22810),
(93907, 124, 124766, 0, 5964, 1, 0, 0, 22810),
(93907, 123, 124765, 0, 5963, 1, 0, 0, 22810),
(93907, 122, 124764, 0, 5964, 1, 0, 0, 22810),
(93907, 121, 124763, 0, 5963, 1, 0, 0, 22810),
(93907, 120, 124762, 0, 5964, 1, 0, 0, 22810),
(93907, 119, 124761, 0, 5964, 1, 0, 0, 22810),
(93907, 118, 124760, 0, 5963, 1, 0, 0, 22810),
(93907, 117, 124759, 0, 5964, 1, 0, 0, 22810),
(93907, 116, 124710, 0, 5963, 1, 0, 0, 22810),
(93907, 115, 124708, 0, 5964, 1, 0, 0, 22810),
(93907, 114, 124707, 0, 5964, 1, 0, 0, 22810),
(93907, 113, 124706, 0, 5963, 1, 0, 0, 22810),
(93907, 112, 124709, 0, 5964, 1, 0, 0, 22810),
(93907, 111, 124705, 0, 5963, 1, 0, 0, 22810),
(93907, 110, 124703, 0, 5964, 1, 0, 0, 22810),
(93907, 109, 124702, 0, 5964, 1, 0, 0, 22810),
(93907, 108, 124701, 0, 5963, 1, 0, 0, 22810),
(93907, 107, 124704, 0, 5964, 1, 0, 0, 22810),
(93907, 106, 124811, 0, 5962, 1, 0, 0, 22810),
(93907, 105, 124810, 0, 5962, 1, 0, 0, 22810),
(93907, 104, 124809, 0, 5962, 1, 0, 0, 22810),
(93907, 103, 124808, 0, 5963, 1, 0, 0, 22810),
(93907, 102, 124807, 0, 5963, 1, 0, 0, 22810),
(93907, 101, 124806, 0, 5963, 1, 0, 0, 22810),
(93907, 100, 124805, 0, 5962, 1, 0, 0, 22810),
(93907, 99, 124804, 0, 5962, 1, 0, 0, 22810), 
(93907, 98, 124803, 0, 5962, 1, 0, 0, 22810), 
(93907, 82, 124782, 0, 5962, 1, 0, 0, 22810), 
(93907, 81, 124781, 0, 5962, 1, 0, 0, 22810), 
(93907, 80, 124780, 0, 5962, 1, 0, 0, 22810), 
(93907, 79, 124779, 0, 5963, 1, 0, 0, 22810), 
(93907, 78, 124778, 0, 5963, 1, 0, 0, 22810), 
(93907, 77, 124777, 0, 5963, 1, 0, 0, 22810), 
(93907, 76, 124776, 0, 5962, 1, 0, 0, 22810), 
(93907, 75, 124775, 0, 5962, 1, 0, 0, 22810), 
(93907, 74, 124774, 0, 5962, 1, 0, 0, 22810), 
(93907, 70, 139015, 0, 5962, 1, 0, 0, 22810), 
(93907, 66, 124725, 0, 5963, 1, 0, 0, 22810), 
(93907, 65, 124724, 0, 5964, 1, 0, 0, 22810), 
(93907, 64, 124723, 0, 5964, 1, 0, 0, 22810), 
(93907, 63, 124722, 0, 5963, 1, 0, 0, 22810), 
(93907, 62, 124721, 0, 5964, 1, 0, 0, 22810), 
(93907, 61, 124758, 0, 5962, 1, 0, 0, 22810), 
(93907, 60, 124757, 0, 5962, 1, 0, 0, 22810), 
(93907, 59, 124756, 0, 5962, 1, 0, 0, 22810), 
(93907, 58, 124755, 0, 5963, 1, 0, 0, 22810), 
(93907, 57, 124754, 0, 5963, 1, 0, 0, 22810), 
(93907, 56, 124753, 0, 5963, 1, 0, 0, 22810), 
(93907, 55, 124752, 0, 5962, 1, 0, 0, 22810), 
(93907, 54, 124751, 0, 5962, 1, 0, 0, 22810), 
(93907, 53, 124750, 0, 5962, 1, 0, 0, 22810), 
(93907, 37, 124700, 0, 5962, 1, 0, 0, 22810), 
(93907, 36, 124699, 0, 5962, 1, 0, 0, 22810), 
(93907, 35, 124698, 0, 5962, 1, 0, 0, 22810), 
(93907, 34, 124697, 0, 5963, 1, 0, 0, 22810), 
(93907, 33, 124696, 0, 5963, 1, 0, 0, 22810), 
(93907, 32, 124695, 0, 5963, 1, 0, 0, 22810), 
(93907, 31, 124694, 0, 5962, 1, 0, 0, 22810), 
(93907, 30, 124693, 0, 5962, 1, 0, 0, 22810), 
(93907, 29, 124692, 0, 5962, 1, 0, 0, 22810), 
(93907, 13, 138633, 0, 5981, 1, 0, 0, 22810), 
(93907, 2, 138521, 0, 6012, 1, 0, 0, 22810), 
(93907, 1, 120168, 0, 0, 1, 0, 0, 22810); 

-- Slugg Spinbolt
-- http://www.wowhead.com/npc=93906

INSERT INTO `npc_vendor` (`entry`, `slot`, `item`, `maxcount`, `ExtendedCost`, `type`, `PlayerConditionID`, `IgnoreFiltering`, `VerifiedBuild`) VALUES
(93906, 132, 127381, 0, 5966, 1, 0, 0, 22810),
(93906, 131, 125029, 0, 5963, 1, 0, 0, 22810),
(93906, 130, 124951, 0, 5963, 1, 0, 0, 22810),
(93906, 129, 124950, 0, 5963, 1, 0, 0, 22810),
(93906, 128, 124944, 0, 5963, 1, 0, 0, 22810),
(93906, 127, 124943, 0, 5963, 1, 0, 0, 22810),
(93906, 126, 125021, 0, 5966, 1, 0, 0, 22810),
(93906, 125, 125020, 0, 5966, 1, 0, 0, 22810),
(93906, 124, 125019, 0, 5966, 1, 0, 0, 22810),
(93906, 123, 125018, 0, 5966, 1, 0, 0, 22810),
(93906, 122, 125017, 0, 5966, 1, 0, 0, 22810),
(93906, 121, 125016, 0, 5966, 1, 0, 0, 22810),
(93906, 120, 125015, 0, 5966, 1, 0, 0, 22810),
(93906, 119, 124934, 0, 5966, 1, 0, 0, 22810),
(93906, 118, 124933, 0, 5966, 1, 0, 0, 22810),
(93906, 117, 124932, 0, 5966, 1, 0, 0, 22810),
(93906, 116, 124931, 0, 5966, 1, 0, 0, 22810),
(93906, 115, 124930, 0, 5966, 1, 0, 0, 22810),
(93906, 114, 124929, 0, 5966, 1, 0, 0, 22810),
(93906, 113, 124928, 0, 5966, 1, 0, 0, 22810),
(93906, 112, 124894, 0, 5966, 1, 0, 0, 22810),
(93906, 111, 124893, 0, 5966, 1, 0, 0, 22810),
(93906, 110, 124892, 0, 5966, 1, 0, 0, 22810),
(93906, 109, 124891, 0, 5966, 1, 0, 0, 22810),
(93906, 108, 124890, 0, 5966, 1, 0, 0, 22810),
(93906, 107, 124889, 0, 5966, 1, 0, 0, 22810),
(93906, 106, 124888, 0, 5966, 1, 0, 0, 22810),
(93906, 105, 124887, 0, 5966, 1, 0, 0, 22810),
(93906, 104, 124886, 0, 5966, 1, 0, 0, 22810),
(93906, 103, 124885, 0, 5966, 1, 0, 0, 22810),
(93906, 102, 125049, 0, 5962, 1, 0, 0, 22810),
(93906, 101, 125023, 0, 5962, 1, 0, 0, 22810),
(93906, 100, 125022, 0, 5962, 1, 0, 0, 22810),
(93906, 99, 124938, 0, 5962, 1, 0, 0, 22810),
(93906, 98, 124937, 0, 5962, 1, 0, 0, 22810),
(93906, 97, 124936, 0, 5962, 1, 0, 0, 22810),
(93906, 96, 124935, 0, 5962, 1, 0, 0, 22810),
(93906, 95, 124896, 0, 5962, 1, 0, 0, 22810),
(93906, 94, 124895, 0, 5962, 1, 0, 0, 22810),
(93906, 93, 124994, 0, 5962, 1, 0, 0, 22810),
(93906, 92, 124993, 0, 5962, 1, 0, 0, 22810),
(93906, 91, 124992, 0, 5963, 1, 0, 0, 22810),
(93906, 90, 124991, 0, 5963, 1, 0, 0, 22810),
(93906, 89, 124990, 0, 5962, 1, 0, 0, 22810),
(93906, 88, 124989, 0, 5962, 1, 0, 0, 22810),
(93906, 72, 124973, 0, 5962, 1, 0, 0, 22810),
(93906, 71, 124972, 0, 5962, 1, 0, 0, 22810),
(93906, 70, 124971, 0, 5963, 1, 0, 0, 22810),
(93906, 69, 124970, 0, 5963, 1, 0, 0, 22810),
(93906, 68, 124969, 0, 5962, 1, 0, 0, 22810),
(93906, 67, 124968, 0, 5962, 1, 0, 0, 22810),
(93906, 61, 124927, 0, 5963, 1, 0, 0, 22810),
(93906, 60, 124926, 0, 5964, 1, 0, 0, 22810),
(93906, 59, 124925, 0, 5964, 1, 0, 0, 22810),
(93906, 58, 124924, 0, 5963, 1, 0, 0, 22810),
(93906, 57, 124923, 0, 5964, 1, 0, 0, 22810),
(93906, 56, 124957, 0, 5962, 1, 0, 0, 22810),
(93906, 55, 124956, 0, 5962, 1, 0, 0, 22810),
(93906, 54, 124955, 0, 5963, 1, 0, 0, 22810),
(93906, 53, 124954, 0, 5963, 1, 0, 0, 22810),
(93906, 52, 124953, 0, 5962, 1, 0, 0, 22810),
(93906, 51, 124952, 0, 5962, 1, 0, 0, 22810),
(93906, 35, 124907, 0, 5962, 1, 0, 0, 22810),
(93906, 34, 124906, 0, 5962, 1, 0, 0, 22810),
(93906, 33, 124905, 0, 5963, 1, 0, 0, 22810),
(93906, 32, 124904, 0, 5963, 1, 0, 0, 22810),
(93906, 31, 124903, 0, 5962, 1, 0, 0, 22810),
(93906, 30, 124902, 0, 5962, 1, 0, 0, 22810),
(93906, 14, 138630, 0, 5981, 1, 0, 0, 22810),
(93906, 3, 138547, 0, 6012, 1, 0, 0, 22810), 
(93906, 2, 120945, 0, 5990, 1, 0, 0, 22810), 
(93906, 1, 120168, 0, 0, 1, 0, 0, 22810); 

-- Holly McTilla 
-- http://www.wowhead.com/npc=93914

INSERT INTO `npc_vendor` (`entry`, `slot`, `item`, `maxcount`, `ExtendedCost`, `type`, `PlayerConditionID`, `IgnoreFiltering`, `VerifiedBuild`) VALUES
(93914, 183, 125965, 0, 5963, 1, 0, 0, 22810),
(93914, 182, 125863, 0, 5963, 1, 0, 0, 22810),
(93914, 181, 125862, 0, 5963, 1, 0, 0, 22810),
(93914, 180, 125856, 0, 5963, 1, 0, 0, 22810),
(93914, 179, 125855, 0, 5963, 1, 0, 0, 22810),
(93914, 178, 125957, 0, 5966, 1, 0, 0, 22810),
(93914, 177, 125956, 0, 5966, 1, 0, 0, 22810),
(93914, 176, 125955, 0, 5966, 1, 0, 0, 22810),
(93914, 175, 125954, 0, 5966, 1, 0, 0, 22810),
(93914, 174, 125953, 0, 5966, 1, 0, 0, 22810),
(93914, 173, 125952, 0, 5966, 1, 0, 0, 22810),
(93914, 172, 125951, 0, 5966, 1, 0, 0, 22810),
(93914, 171, 125846, 0, 5966, 1, 0, 0, 22810),
(93914, 170, 125845, 0, 5966, 1, 0, 0, 22810),
(93914, 169, 125844, 0, 5966, 1, 0, 0, 22810),
(93914, 168, 125843, 0, 5966, 1, 0, 0, 22810),
(93914, 167, 125842, 0, 5966, 1, 0, 0, 22810),
(93914, 166, 125841, 0, 5966, 1, 0, 0, 22810),
(93914, 165, 125840, 0, 5966, 1, 0, 0, 22810),
(93914, 164, 125798, 0, 5966, 1, 0, 0, 22810),
(93914, 163, 125797, 0, 5966, 1, 0, 0, 22810),
(93914, 162, 125796, 0, 5966, 1, 0, 0, 22810),
(93914, 161, 125795, 0, 5966, 1, 0, 0, 22810),
(93914, 160, 125794, 0, 5966, 1, 0, 0, 22810),
(93914, 159, 125793, 0, 5966, 1, 0, 0, 22810),
(93914, 158, 125792, 0, 5966, 1, 0, 0, 22810),
(93914, 157, 125791, 0, 5966, 1, 0, 0, 22810),
(93914, 156, 125790, 0, 5966, 1, 0, 0, 22810),
(93914, 155, 125789, 0, 5966, 1, 0, 0, 22810),
(93914, 154, 125966, 0, 5962, 1, 0, 0, 22810),
(93914, 153, 125959, 0, 5962, 1, 0, 0, 22810),
(93914, 152, 125958, 0, 5962, 1, 0, 0, 22810),
(93914, 151, 125850, 0, 5962, 1, 0, 0, 22810),
(93914, 150, 125849, 0, 5962, 1, 0, 0, 22810),
(93914, 149, 125848, 0, 5962, 1, 0, 0, 22810),
(93914, 148, 125847, 0, 5962, 1, 0, 0, 22810),
(93914, 147, 125800, 0, 5962, 1, 0, 0, 22810),
(93914, 146, 125799, 0, 5962, 1, 0, 0, 22810),
(93914, 145, 125824, 0, 5963, 1, 0, 0, 22810),
(93914, 144, 125822, 0, 5964, 1, 0, 0, 22810),
(93914, 143, 125821, 0, 5964, 1, 0, 0, 22810),
(93914, 142, 125820, 0, 5963, 1, 0, 0, 22810),
(93914, 141, 125823, 0, 5964, 1, 0, 0, 22810),
(93914, 140, 125819, 0, 5963, 1, 0, 0, 22810),
(93914, 139, 125817, 0, 5964, 1, 0, 0, 22810),
(93914, 138, 125816, 0, 5964, 1, 0, 0, 22810),
(93914, 137, 125815, 0, 5963, 1, 0, 0, 22810),
(93914, 136, 125818, 0, 5964, 1, 0, 0, 22810),
(93914, 135, 125882, 0, 5963, 1, 0, 0, 22810),
(93914, 134, 125881, 0, 5964, 1, 0, 0, 22810),
(93914, 133, 125880, 0, 5964, 1, 0, 0, 22810),
(93914, 132, 125879, 0, 5963, 1, 0, 0, 22810),
(93914, 131, 125878, 0, 5964, 1, 0, 0, 22810),
(93914, 130, 125877, 0, 5963, 1, 0, 0, 22810),
(93914, 129, 125876, 0, 5964, 1, 0, 0, 22810),
(93914, 128, 125875, 0, 5964, 1, 0, 0, 22810),
(93914, 127, 125874, 0, 5963, 1, 0, 0, 22810),
(93914, 126, 125873, 0, 5964, 1, 0, 0, 22810),
(93914, 125, 125906, 0, 5963, 1, 0, 0, 22810),
(93914, 124, 125905, 0, 5964, 1, 0, 0, 22810),
(93914, 123, 125904, 0, 5964, 1, 0, 0, 22810),
(93914, 122, 125903, 0, 5963, 1, 0, 0, 22810),
(93914, 121, 125902, 0, 5964, 1, 0, 0, 22810),
(93914, 120, 125901, 0, 5963, 1, 0, 0, 22810),
(93914, 119, 125900, 0, 5964, 1, 0, 0, 22810),
(93914, 118, 125899, 0, 5964, 1, 0, 0, 22810),
(93914, 117, 125898, 0, 5963, 1, 0, 0, 22810),
(93914, 116, 125897, 0, 5964, 1, 0, 0, 22810),
(93914, 115, 125935, 0, 5963, 1, 0, 0, 22810),
(93914, 114, 125934, 0, 5964, 1, 0, 0, 22810),
(93914, 113, 125933, 0, 5964, 1, 0, 0, 22810),
(93914, 112, 125932, 0, 5963, 1, 0, 0, 22810),
(93914, 111, 125931, 0, 5964, 1, 0, 0, 22810),
(93914, 110, 125930, 0, 5963, 1, 0, 0, 22810),
(93914, 109, 125929, 0, 5964, 1, 0, 0, 22810),
(93914, 108, 125928, 0, 5964, 1, 0, 0, 22810),
(93914, 107, 125927, 0, 5963, 1, 0, 0, 22810),
(93914, 106, 125926, 0, 5964, 1, 0, 0, 22810),
(93914, 105, 125925, 0, 5962, 1, 0, 0, 22810),
(93914, 104, 125924, 0, 5962, 1, 0, 0, 22810),
(93914, 103, 125923, 0, 5962, 1, 0, 0, 22810),
(93914, 102, 125922, 0, 5963, 1, 0, 0, 22810),
(93914, 101, 125921, 0, 5963, 1, 0, 0, 22810),
(93914, 100, 125920, 0, 5963, 1, 0, 0, 22810),
(93914, 99, 125919, 0, 5962, 1, 0, 0, 22810), 
(93914, 98, 125918, 0, 5962, 1, 0, 0, 22810), 
(93914, 97, 125917, 0, 5962, 1, 0, 0, 22810), 
(93914, 81, 139031, 0, 5962, 1, 0, 0, 22810), 
(93914, 80, 125896, 0, 5962, 1, 0, 0, 22810), 
(93914, 79, 125895, 0, 5962, 1, 0, 0, 22810), 
(93914, 78, 125894, 0, 5962, 1, 0, 0, 22810), 
(93914, 77, 125893, 0, 5963, 1, 0, 0, 22810), 
(93914, 76, 125892, 0, 5963, 1, 0, 0, 22810), 
(93914, 75, 125891, 0, 5963, 1, 0, 0, 22810), 
(93914, 74, 125890, 0, 5962, 1, 0, 0, 22810), 
(93914, 73, 125889, 0, 5962, 1, 0, 0, 22810), 
(93914, 72, 125888, 0, 5962, 1, 0, 0, 22810), 
(93914, 66, 125839, 0, 5963, 1, 0, 0, 22810), 
(93914, 65, 125838, 0, 5964, 1, 0, 0, 22810), 
(93914, 64, 125837, 0, 5964, 1, 0, 0, 22810), 
(93914, 63, 125836, 0, 5963, 1, 0, 0, 22810), 
(93914, 62, 125835, 0, 5964, 1, 0, 0, 22810), 
(93914, 61, 125872, 0, 5962, 1, 0, 0, 22810), 
(93914, 60, 125871, 0, 5962, 1, 0, 0, 22810), 
(93914, 59, 125870, 0, 5962, 1, 0, 0, 22810), 
(93914, 58, 125869, 0, 5963, 1, 0, 0, 22810), 
(93914, 57, 125868, 0, 5963, 1, 0, 0, 22810), 
(93914, 56, 125867, 0, 5963, 1, 0, 0, 22810), 
(93914, 55, 125866, 0, 5962, 1, 0, 0, 22810), 
(93914, 54, 125865, 0, 5962, 1, 0, 0, 22810), 
(93914, 53, 125864, 0, 5962, 1, 0, 0, 22810), 
(93914, 37, 125814, 0, 5962, 1, 0, 0, 22810), 
(93914, 36, 125813, 0, 5962, 1, 0, 0, 22810), 
(93914, 35, 125812, 0, 5962, 1, 0, 0, 22810), 
(93914, 34, 125811, 0, 5963, 1, 0, 0, 22810), 
(93914, 33, 125810, 0, 5963, 1, 0, 0, 22810), 
(93914, 32, 125809, 0, 5963, 1, 0, 0, 22810), 
(93914, 31, 125808, 0, 5962, 1, 0, 0, 22810), 
(93914, 30, 125807, 0, 5962, 1, 0, 0, 22810), 
(93914, 29, 125806, 0, 5962, 1, 0, 0, 22810), 
(93914, 13, 138635, 0, 5981, 1, 0, 0, 22810), 
(93914, 2, 138499, 0, 6012, 1, 0, 0, 22810), 
(93914, 1, 120168, 0, 0, 1, 0, 0, 22810); 

-- Li "Crunchpaw" Tsang 
-- http://www.wowhead.com/npc=93915

INSERT INTO `npc_vendor` (`entry`, `slot`, `item`, `maxcount`, `ExtendedCost`, `type`, `PlayerConditionID`, `IgnoreFiltering`, `VerifiedBuild`) VALUES
(93915, 131, 127379, 0, 5966, 1, 0, 0, 22810),
(93915, 130, 126143, 0, 5963, 1, 0, 0, 22810),
(93915, 129, 126065, 0, 5963, 1, 0, 0, 22810),
(93915, 128, 126064, 0, 5963, 1, 0, 0, 22810),
(93915, 127, 126058, 0, 5963, 1, 0, 0, 22810),
(93915, 126, 126057, 0, 5963, 1, 0, 0, 22810),
(93915, 125, 126135, 0, 5966, 1, 0, 0, 22810),
(93915, 124, 126134, 0, 5966, 1, 0, 0, 22810),
(93915, 123, 126133, 0, 5966, 1, 0, 0, 22810),
(93915, 122, 126132, 0, 5966, 1, 0, 0, 22810),
(93915, 121, 126131, 0, 5966, 1, 0, 0, 22810),
(93915, 120, 126130, 0, 5966, 1, 0, 0, 22810),
(93915, 119, 126129, 0, 5966, 1, 0, 0, 22810),
(93915, 118, 126048, 0, 5966, 1, 0, 0, 22810),
(93915, 117, 126047, 0, 5966, 1, 0, 0, 22810),
(93915, 116, 126046, 0, 5966, 1, 0, 0, 22810),
(93915, 115, 126045, 0, 5966, 1, 0, 0, 22810),
(93915, 114, 126044, 0, 5966, 1, 0, 0, 22810),
(93915, 113, 126043, 0, 5966, 1, 0, 0, 22810),
(93915, 112, 126042, 0, 5966, 1, 0, 0, 22810),
(93915, 111, 126008, 0, 5966, 1, 0, 0, 22810),
(93915, 110, 126007, 0, 5966, 1, 0, 0, 22810),
(93915, 109, 126006, 0, 5966, 1, 0, 0, 22810),
(93915, 108, 126005, 0, 5966, 1, 0, 0, 22810),
(93915, 107, 126004, 0, 5966, 1, 0, 0, 22810),
(93915, 106, 126003, 0, 5966, 1, 0, 0, 22810),
(93915, 105, 126002, 0, 5966, 1, 0, 0, 22810),
(93915, 104, 126001, 0, 5966, 1, 0, 0, 22810),
(93915, 103, 126000, 0, 5966, 1, 0, 0, 22810),
(93915, 102, 125999, 0, 5966, 1, 0, 0, 22810),
(93915, 101, 126163, 0, 5962, 1, 0, 0, 22810),
(93915, 100, 126137, 0, 5962, 1, 0, 0, 22810),
(93915, 99, 126136, 0, 5962, 1, 0, 0, 22810),
(93915, 98, 126052, 0, 5962, 1, 0, 0, 22810),
(93915, 97, 126051, 0, 5962, 1, 0, 0, 22810),
(93915, 96, 126050, 0, 5962, 1, 0, 0, 22810),
(93915, 95, 126049, 0, 5962, 1, 0, 0, 22810),
(93915, 94, 126010, 0, 5962, 1, 0, 0, 22810),
(93915, 93, 126009, 0, 5962, 1, 0, 0, 22810),
(93915, 92, 126108, 0, 5962, 1, 0, 0, 22810),
(93915, 91, 126107, 0, 5962, 1, 0, 0, 22810),
(93915, 90, 126106, 0, 5963, 1, 0, 0, 22810),
(93915, 89, 126105, 0, 5963, 1, 0, 0, 22810),
(93915, 88, 126104, 0, 5962, 1, 0, 0, 22810),
(93915, 87, 126103, 0, 5962, 1, 0, 0, 22810),
(93915, 71, 126087, 0, 5962, 1, 0, 0, 22810),
(93915, 70, 126086, 0, 5962, 1, 0, 0, 22810),
(93915, 69, 126085, 0, 5963, 1, 0, 0, 22810),
(93915, 68, 126084, 0, 5963, 1, 0, 0, 22810),
(93915, 67, 126083, 0, 5962, 1, 0, 0, 22810),
(93915, 66, 126082, 0, 5962, 1, 0, 0, 22810),
(93915, 60, 126041, 0, 5963, 1, 0, 0, 22810),
(93915, 59, 126040, 0, 5964, 1, 0, 0, 22810),
(93915, 58, 126039, 0, 5964, 1, 0, 0, 22810),
(93915, 57, 126038, 0, 5963, 1, 0, 0, 22810),
(93915, 56, 126037, 0, 5964, 1, 0, 0, 22810),
(93915, 55, 126071, 0, 5962, 1, 0, 0, 22810),
(93915, 54, 126070, 0, 5962, 1, 0, 0, 22810),
(93915, 53, 126069, 0, 5963, 1, 0, 0, 22810),
(93915, 52, 126068, 0, 5963, 1, 0, 0, 22810),
(93915, 51, 126067, 0, 5962, 1, 0, 0, 22810),
(93915, 50, 126066, 0, 5962, 1, 0, 0, 22810),
(93915, 34, 126021, 0, 5962, 1, 0, 0, 22810),
(93915, 33, 126020, 0, 5962, 1, 0, 0, 22810),
(93915, 32, 126019, 0, 5963, 1, 0, 0, 22810),
(93915, 31, 126018, 0, 5963, 1, 0, 0, 22810),
(93915, 30, 126017, 0, 5962, 1, 0, 0, 22810),
(93915, 29, 126016, 0, 5962, 1, 0, 0, 22810),
(93915, 13, 138628, 0, 5981, 1, 0, 0, 22810),
(93915, 2, 138537, 0, 6012, 1, 0, 0, 22810), 
(93915, 1, 120168, 0, 0, 1, 0, 0, 22810); 

-- Ingrid Blackingot
-- http://www.wowhead.com/npc=86176

INSERT INTO `npc_vendor` (`entry`, `slot`, `item`, `maxcount`, `ExtendedCost`, `type`, `PlayerConditionID`, `IgnoreFiltering`, `VerifiedBuild`) VALUES
(86176, 180, 115748, 0, 5963, 1, 0, 0, 22810),
(86176, 179, 115667, 0, 5963, 1, 0, 0, 22810),
(86176, 178, 115666, 0, 5963, 1, 0, 0, 22810),
(86176, 177, 115660, 0, 5963, 1, 0, 0, 22810),
(86176, 176, 115659, 0, 5963, 1, 0, 0, 22810),
(86176, 175, 115731, 0, 5966, 1, 0, 0, 22810),
(86176, 174, 115730, 0, 5966, 1, 0, 0, 22810),
(86176, 173, 115729, 0, 5966, 1, 0, 0, 22810),
(86176, 172, 115728, 0, 5966, 1, 0, 0, 22810),
(86176, 171, 115727, 0, 5966, 1, 0, 0, 22810),
(86176, 170, 115726, 0, 5966, 1, 0, 0, 22810),
(86176, 169, 115725, 0, 5966, 1, 0, 0, 22810),
(86176, 168, 115650, 0, 5966, 1, 0, 0, 22810),
(86176, 167, 115649, 0, 5966, 1, 0, 0, 22810),
(86176, 166, 115648, 0, 5966, 1, 0, 0, 22810),
(86176, 165, 115647, 0, 5966, 1, 0, 0, 22810),
(86176, 164, 115646, 0, 5966, 1, 0, 0, 22810),
(86176, 163, 115645, 0, 5966, 1, 0, 0, 22810),
(86176, 162, 115644, 0, 5966, 1, 0, 0, 22810),
(86176, 161, 115602, 0, 5966, 1, 0, 0, 22810),
(86176, 160, 115601, 0, 5966, 1, 0, 0, 22810),
(86176, 159, 115599, 0, 5966, 1, 0, 0, 22810),
(86176, 158, 115598, 0, 5966, 1, 0, 0, 22810),
(86176, 157, 115597, 0, 5966, 1, 0, 0, 22810),
(86176, 156, 115596, 0, 5966, 1, 0, 0, 22810),
(86176, 155, 115595, 0, 5966, 1, 0, 0, 22810),
(86176, 154, 115594, 0, 5966, 1, 0, 0, 22810),
(86176, 153, 120100, 0, 5962, 1, 0, 0, 22810),
(86176, 152, 115605, 0, 5962, 1, 0, 0, 22810),
(86176, 151, 115733, 0, 5962, 1, 0, 0, 22810),
(86176, 150, 115654, 0, 5962, 1, 0, 0, 22810),
(86176, 149, 115653, 0, 5962, 1, 0, 0, 22810),
(86176, 148, 115652, 0, 5962, 1, 0, 0, 22810),
(86176, 147, 115732, 0, 5962, 1, 0, 0, 22810),
(86176, 146, 115651, 0, 5962, 1, 0, 0, 22810),
(86176, 145, 115604, 0, 5962, 1, 0, 0, 22810),
(86176, 144, 115709, 0, 5962, 1, 0, 0, 22810),
(86176, 143, 115708, 0, 5962, 1, 0, 0, 22810),
(86176, 142, 115707, 0, 5962, 1, 0, 0, 22810),
(86176, 141, 115705, 0, 5963, 1, 0, 0, 22810),
(86176, 140, 115704, 0, 5963, 1, 0, 0, 22810),
(86176, 139, 115706, 0, 5963, 1, 0, 0, 22810),
(86176, 138, 115703, 0, 5962, 1, 0, 0, 22810),
(86176, 137, 115702, 0, 5962, 1, 0, 0, 22810),
(86176, 136, 115701, 0, 5962, 1, 0, 0, 22810),
(86176, 135, 115745, 0, 5963, 1, 0, 0, 22810),
(86176, 134, 115744, 0, 5964, 1, 0, 0, 22810),
(86176, 133, 115743, 0, 5964, 1, 0, 0, 22810),
(86176, 132, 115742, 0, 5963, 1, 0, 0, 22810),
(86176, 131, 115741, 0, 5964, 1, 0, 0, 22810),
(86176, 130, 115740, 0, 5963, 1, 0, 0, 22810),
(86176, 129, 115739, 0, 5964, 1, 0, 0, 22810),
(86176, 128, 115738, 0, 5964, 1, 0, 0, 22810),
(86176, 127, 115737, 0, 5963, 1, 0, 0, 22810),
(86176, 126, 115736, 0, 5964, 1, 0, 0, 22810),
(86176, 125, 115690, 0, 5962, 1, 0, 0, 22810),
(86176, 124, 115689, 0, 5962, 1, 0, 0, 22810),
(86176, 123, 115688, 0, 5962, 1, 0, 0, 22810),
(86176, 122, 115685, 0, 5963, 1, 0, 0, 22810),
(86176, 121, 115687, 0, 5963, 1, 0, 0, 22810),
(86176, 120, 115686, 0, 5963, 1, 0, 0, 22810),
(86176, 119, 115683, 0, 5962, 1, 0, 0, 22810),
(86176, 118, 115682, 0, 5962, 1, 0, 0, 22810),
(86176, 117, 115684, 0, 5962, 1, 0, 0, 22810),
(86176, 116, 115792, 0, 5963, 1, 0, 0, 22810),
(86176, 115, 115791, 0, 5964, 1, 0, 0, 22810),
(86176, 114, 115790, 0, 5964, 1, 0, 0, 22810),
(86176, 113, 115789, 0, 5963, 1, 0, 0, 22810),
(86176, 112, 115788, 0, 5964, 1, 0, 0, 22810),
(86176, 111, 115782, 0, 5963, 1, 0, 0, 22810),
(86176, 110, 115781, 0, 5964, 1, 0, 0, 22810),
(86176, 109, 115780, 0, 5964, 1, 0, 0, 22810),
(86176, 108, 115779, 0, 5963, 1, 0, 0, 22810),
(86176, 107, 115778, 0, 5964, 1, 0, 0, 22810),
(86176, 106, 115676, 0, 5962, 1, 0, 0, 22810),
(86176, 105, 115674, 0, 5962, 1, 0, 0, 22810),
(86176, 104, 115675, 0, 5962, 1, 0, 0, 22810),
(86176, 103, 115671, 0, 5963, 1, 0, 0, 22810),
(86176, 102, 115673, 0, 5963, 1, 0, 0, 22810),
(86176, 101, 115672, 0, 5963, 1, 0, 0, 22810),
(86176, 100, 115669, 0, 5962, 1, 0, 0, 22810),
(86176, 99, 115668, 0, 5962, 1, 0, 0, 22810), 
(86176, 98, 115670, 0, 5962, 1, 0, 0, 22810), 
(86176, 97, 115787, 0, 5963, 1, 0, 0, 22810), 
(86176, 96, 115786, 0, 5964, 1, 0, 0, 22810), 
(86176, 95, 115785, 0, 5964, 1, 0, 0, 22810), 
(86176, 94, 115784, 0, 5963, 1, 0, 0, 22810), 
(86176, 93, 115783, 0, 5964, 1, 0, 0, 22810), 
(86176, 92, 115777, 0, 5963, 1, 0, 0, 22810), 
(86176, 91, 115776, 0, 5964, 1, 0, 0, 22810), 
(86176, 90, 115775, 0, 5964, 1, 0, 0, 22810), 
(86176, 89, 115774, 0, 5963, 1, 0, 0, 22810), 
(86176, 88, 115773, 0, 5964, 1, 0, 0, 22810), 
(86176, 87, 115619, 0, 5963, 1, 0, 0, 22810), 
(86176, 86, 115617, 0, 5964, 1, 0, 0, 22810), 
(86176, 85, 115616, 0, 5964, 1, 0, 0, 22810), 
(86176, 84, 115615, 0, 5963, 1, 0, 0, 22810), 
(86176, 83, 115618, 0, 5964, 1, 0, 0, 22810), 
(86176, 82, 115614, 0, 5963, 1, 0, 0, 22810), 
(86176, 81, 115612, 0, 5964, 1, 0, 0, 22810), 
(86176, 80, 115611, 0, 5964, 1, 0, 0, 22810), 
(86176, 79, 115610, 0, 5963, 1, 0, 0, 22810), 
(86176, 78, 115613, 0, 5964, 1, 0, 0, 22810), 
(86176, 77, 115628, 0, 5962, 1, 0, 0, 22810), 
(86176, 76, 115627, 0, 5962, 1, 0, 0, 22810), 
(86176, 75, 115626, 0, 5962, 1, 0, 0, 22810), 
(86176, 74, 115625, 0, 5963, 1, 0, 0, 22810), 
(86176, 73, 115624, 0, 5963, 1, 0, 0, 22810), 
(86176, 72, 115623, 0, 5963, 1, 0, 0, 22810), 
(86176, 71, 115622, 0, 5962, 1, 0, 0, 22810), 
(86176, 70, 115621, 0, 5962, 1, 0, 0, 22810), 
(86176, 69, 115620, 0, 5962, 1, 0, 0, 22810), 
(86176, 52, 115643, 0, 5963, 1, 0, 0, 22810), 
(86176, 51, 115642, 0, 5964, 1, 0, 0, 22810), 
(86176, 49, 115641, 0, 5964, 1, 0, 0, 22810), 
(86176, 46, 115640, 0, 5963, 1, 0, 0, 22810), 
(86176, 45, 115639, 0, 5964, 1, 0, 0, 22810), 
(86176, 13, 138631, 0, 5981, 1, 0, 0, 22810), 
(86176, 2, 138563, 0, 6012, 1, 0, 0, 22810), 
(86176, 1, 120168, 0, 0, 1, 0, 0, 22810);

-- Bregg Coppercast
-- http://www.wowhead.com/npc=86175

INSERT INTO `npc_vendor` (`entry`, `slot`, `item`, `maxcount`, `ExtendedCost`, `type`, `PlayerConditionID`, `IgnoreFiltering`, `VerifiedBuild`) VALUES
(86175, 147, 115148, 0, 5963, 1, 0, 0, 22810),
(86175, 146, 115083, 0, 5963, 1, 0, 0, 22810),
(86175, 145, 115082, 0, 5963, 1, 0, 0, 22810),
(86175, 144, 115076, 0, 5963, 1, 0, 0, 22810),
(86175, 143, 115075, 0, 5963, 1, 0, 0, 22810),
(86175, 142, 120076, 0, 5966, 1, 0, 0, 22810),
(86175, 141, 120075, 0, 5966, 1, 0, 0, 22810),
(86175, 140, 120074, 0, 5966, 1, 0, 0, 22810),
(86175, 139, 120073, 0, 5966, 1, 0, 0, 22810),
(86175, 138, 120072, 0, 5966, 1, 0, 0, 22810),
(86175, 137, 120071, 0, 5966, 1, 0, 0, 22810),
(86175, 136, 120070, 0, 5966, 1, 0, 0, 22810),
(86175, 135, 120069, 0, 5966, 1, 0, 0, 22810),
(86175, 134, 120068, 0, 5966, 1, 0, 0, 22810),
(86175, 133, 120067, 0, 5966, 1, 0, 0, 22810),
(86175, 132, 120066, 0, 5966, 1, 0, 0, 22810),
(86175, 131, 120064, 0, 5966, 1, 0, 0, 22810),
(86175, 130, 120063, 0, 5966, 1, 0, 0, 22810),
(86175, 129, 120062, 0, 5966, 1, 0, 0, 22810),
(86175, 128, 120061, 0, 5966, 1, 0, 0, 22810),
(86175, 127, 120060, 0, 5966, 1, 0, 0, 22810),
(86175, 126, 120058, 0, 5966, 1, 0, 0, 22810),
(86175, 125, 120057, 0, 5966, 1, 0, 0, 22810),
(86175, 124, 120056, 0, 5966, 1, 0, 0, 22810),
(86175, 123, 120055, 0, 5966, 1, 0, 0, 22810),
(86175, 122, 120054, 0, 5966, 1, 0, 0, 22810),
(86175, 121, 120053, 0, 5966, 1, 0, 0, 22810),
(86175, 120, 115190, 0, 5962, 1, 0, 0, 22810),
(86175, 119, 115189, 0, 5962, 1, 0, 0, 22810),
(86175, 118, 115188, 0, 5962, 1, 0, 0, 22810),
(86175, 117, 115187, 0, 5962, 1, 0, 0, 22810),
(86175, 116, 115186, 0, 5962, 1, 0, 0, 22810),
(86175, 115, 115185, 0, 5962, 1, 0, 0, 22810),
(86175, 114, 115184, 0, 5962, 1, 0, 0, 22810),
(86175, 113, 115183, 0, 5962, 1, 0, 0, 22810),
(86175, 112, 115116, 0, 5962, 1, 0, 0, 22810),
(86175, 111, 115115, 0, 5962, 1, 0, 0, 22810),
(86175, 110, 115114, 0, 5963, 1, 0, 0, 22810),
(86175, 109, 115113, 0, 5963, 1, 0, 0, 22810),
(86175, 108, 115112, 0, 5962, 1, 0, 0, 22810),
(86175, 107, 115111, 0, 5962, 1, 0, 0, 22810),
(86175, 106, 115145, 0, 5963, 1, 0, 0, 22810),
(86175, 105, 115144, 0, 5964, 1, 0, 0, 22810),
(86175, 104, 115143, 0, 5964, 1, 0, 0, 22810),
(86175, 103, 115142, 0, 5963, 1, 0, 0, 22810),
(86175, 102, 115141, 0, 5964, 1, 0, 0, 22810),
(86175, 101, 115099, 0, 5962, 1, 0, 0, 22810),
(86175, 100, 115100, 0, 5962, 1, 0, 0, 22810),
(86175, 99, 115098, 0, 5963, 1, 0, 0, 22810), 
(86175, 98, 115097, 0, 5963, 1, 0, 0, 22810), 
(86175, 97, 115096, 0, 5962, 1, 0, 0, 22810), 
(86175, 96, 115095, 0, 5962, 1, 0, 0, 22810), 
(86175, 95, 115182, 0, 5963, 1, 0, 0, 22810), 
(86175, 94, 115181, 0, 5964, 1, 0, 0, 22810), 
(86175, 93, 115180, 0, 5964, 1, 0, 0, 22810), 
(86175, 92, 115179, 0, 5963, 1, 0, 0, 22810), 
(86175, 91, 115178, 0, 5964, 1, 0, 0, 22810), 
(86175, 90, 115089, 0, 5962, 1, 0, 0, 22810), 
(86175, 89, 115088, 0, 5962, 1, 0, 0, 22810), 
(86175, 88, 115087, 0, 5963, 1, 0, 0, 22810), 
(86175, 87, 115086, 0, 5963, 1, 0, 0, 22810), 
(86175, 86, 115085, 0, 5962, 1, 0, 0, 22810), 
(86175, 85, 115084, 0, 5962, 1, 0, 0, 22810), 
(86175, 84, 115177, 0, 5963, 1, 0, 0, 22810), 
(86175, 83, 115176, 0, 5964, 1, 0, 0, 22810), 
(86175, 82, 115175, 0, 5964, 1, 0, 0, 22810), 
(86175, 81, 115174, 0, 5963, 1, 0, 0, 22810), 
(86175, 80, 115173, 0, 5964, 1, 0, 0, 22810), 
(86175, 79, 115048, 0, 5962, 1, 0, 0, 22810), 
(86175, 78, 115047, 0, 5962, 1, 0, 0, 22810), 
(86175, 77, 115046, 0, 5963, 1, 0, 0, 22810), 
(86175, 76, 115045, 0, 5963, 1, 0, 0, 22810), 
(86175, 75, 115044, 0, 5962, 1, 0, 0, 22810), 
(86175, 74, 115043, 0, 5962, 1, 0, 0, 22810), 
(86175, 73, 115042, 0, 5963, 1, 0, 0, 22810), 
(86175, 72, 115040, 0, 5964, 1, 0, 0, 22810), 
(86175, 71, 115039, 0, 5964, 1, 0, 0, 22810), 
(86175, 70, 115038, 0, 5963, 1, 0, 0, 22810), 
(86175, 69, 115041, 0, 5964, 1, 0, 0, 22810), 
(86175, 48, 115063, 0, 5963, 1, 0, 0, 22810), 
(86175, 47, 115062, 0, 5964, 1, 0, 0, 22810), 
(86175, 46, 115061, 0, 5964, 1, 0, 0, 22810), 
(86175, 45, 115060, 0, 5963, 1, 0, 0, 22810), 
(86175, 44, 115059, 0, 5964, 1, 0, 0, 22810), 
(86175, 13, 138625, 0, 5981, 1, 0, 0, 22810), 
(86175, 2, 138579, 0, 6012, 1, 0, 0, 22810), 
(86175, 1, 120168, 0, 0, 1, 0, 0, 22810);

-- Forge-O-Matic 3000 XL
-- http://www.wowhead.com/npc=88230

INSERT INTO `npc_vendor` (`entry`, `slot`, `item`, `maxcount`, `ExtendedCost`, `type`, `PlayerConditionID`, `IgnoreFiltering`, `VerifiedBuild`) VALUES
(88230, 6, 3857, 0, 0, 1, 0, 0, 22810), 
(88230, 5, 18567, 0, 0, 1, 0, 0, 22810),
(88230, 4, 3466, 0, 0, 1, 0, 0, 22810), 
(88230, 3, 2880, 0, 0, 1, 0, 0, 22810), 
(88230, 2, 5956, 0, 0, 1, 0, 0, 22810), 
(88230, 1, 2901, 0, 0, 1, 0, 0, 22810); 

-- Challenger Savina
-- http://www.wowhead.com/npc=88155

INSERT INTO `npc_vendor` (`entry`, `slot`, `item`, `maxcount`, `ExtendedCost`, `type`, `PlayerConditionID`, `IgnoreFiltering`, `VerifiedBuild`) VALUES
(88155, 19, 118410, 0, 5955, 1, 30825, 0, 22810),
(88155, 18, 118406, 0, 5955, 1, 30825, 0, 22810),
(88155, 17, 118407, 0, 5955, 1, 30825, 0, 22810),
(88155, 16, 118398, 0, 5955, 1, 30825, 0, 22810),
(88155, 15, 118399, 0, 5955, 1, 30825, 0, 22810),
(88155, 14, 118405, 0, 5955, 1, 30825, 0, 22810),
(88155, 13, 118397, 0, 5955, 1, 30825, 0, 22810),
(88155, 12, 118408, 0, 5955, 1, 30825, 0, 22810),
(88155, 11, 118395, 0, 5955, 1, 30825, 0, 22810),
(88155, 10, 118396, 0, 5955, 1, 30825, 0, 22810),
(88155, 9, 118404, 0, 5955, 1, 30825, 0, 22810), 
(88155, 8, 118411, 0, 5955, 1, 30825, 0, 22810), 
(88155, 7, 118412, 0, 5955, 1, 30825, 0, 22810), 
(88155, 6, 118402, 0, 5955, 1, 30825, 0, 22810), 
(88155, 5, 118413, 0, 5955, 1, 30825, 0, 22810), 
(88155, 4, 118403, 0, 5955, 1, 30825, 0, 22810), 
(88155, 3, 118409, 0, 5955, 1, 30825, 0, 22810), 
(88155, 2, 118401, 0, 5955, 1, 30825, 0, 22810); 

-- Dawn-Seeker Kasrek
-- http://www.wowhead.com/npc=92501

INSERT INTO `npc_vendor` (`entry`, `slot`, `item`, `maxcount`, `ExtendedCost`, `type`, `PlayerConditionID`, `IgnoreFiltering`, `VerifiedBuild`) VALUE
(92501, 18, 119821, 0, 5490, 1, 0, 0, 22810),
(92501, 17, 116768, 0, 5853, 1, 0, 0, 22810),
(92501, 16, 122323, 0, 5902, 1, 0, 0, 22810),
(92501, 15, 122322, 0, 5902, 1, 0, 0, 22810),
(92501, 14, 122321, 0, 5902, 1, 0, 0, 22810),
(92501, 13, 122320, 0, 5902, 1, 0, 0, 22810),
(92501, 12, 116942, 0, 5901, 1, 0, 0, 22810),
(92501, 11, 116941, 0, 5901, 1, 0, 0, 22810),
(92501, 10, 116940, 0, 5901, 1, 0, 0, 22810),
(92501, 9, 116939, 0, 5901, 1, 0, 0, 22810), 
(92501, 8, 116938, 0, 5900, 1, 0, 0, 22810), 
(92501, 7, 116937, 0, 5900, 1, 0, 0, 22810), 
(92501, 6, 116936, 0, 5900, 1, 0, 0, 22810), 
(92501, 5, 116935, 0, 5900, 1, 0, 0, 22810), 
(92501, 4, 115381, 0, 5340, 1, 0, 0, 22810), 
(92501, 3, 115380, 0, 5340, 1, 0, 0, 22810), 
(92501, 2, 115379, 0, 5340, 1, 0, 0, 22810), 
(92501, 1, 115378, 0, 5340, 1, 0, 0, 22810); 

-- Dawn-Seeker Krek
-- http://www.wowhead.com/npc=86391

INSERT INTO `npc_vendor` (`entry`, `slot`, `item`, `maxcount`, `ExtendedCost`, `type`, `PlayerConditionID`, `IgnoreFiltering`, `VerifiedBuild`) VALUES
(86391, 18, 119821, 0, 5490, 1, 0, 0, 22810),
(86391, 17, 116768, 0, 5853, 1, 0, 0, 22810),
(86391, 16, 122317, 0, 5902, 1, 0, 0, 22810),
(86391, 15, 122319, 0, 5902, 1, 0, 0, 22810),
(86391, 14, 122318, 0, 5902, 1, 0, 0, 22810),
(86391, 13, 122316, 0, 5902, 1, 0, 0, 22810),
(86391, 12, 116932, 0, 5901, 1, 0, 0, 22810),
(86391, 11, 116931, 0, 5901, 1, 0, 0, 22810),
(86391, 10, 116934, 0, 5901, 1, 0, 0, 22810),
(86391, 9, 116933, 0, 5901, 1, 0, 0, 22810), 
(86391, 8, 116929, 0, 5900, 1, 0, 0, 22810), 
(86391, 7, 116928, 0, 5900, 1, 0, 0, 22810), 
(86391, 6, 116927, 0, 5900, 1, 0, 0, 22810), 
(86391, 5, 116930, 0, 5900, 1, 0, 0, 22810), 
(86391, 4, 115375, 0, 5340, 1, 0, 0, 22810), 
(86391, 3, 115374, 0, 5340, 1, 0, 0, 22810), 
(86391, 2, 115376, 0, 5340, 1, 0, 0, 22810), 
(86391, 1, 115377, 0, 5340, 1, 0, 0, 22810); 

-- Dawn-Seeker Rilak
-- http://www.wowhead.com/npc=86387

INSERT INTO `npc_vendor` (`entry`, `slot`, `item`, `maxcount`, `ExtendedCost`, `type`, `PlayerConditionID`, `IgnoreFiltering`, `VerifiedBuild`) VALUES
(86387, 18, 119821, 0, 5490, 1, 0, 0, 22810),
(86387, 17, 116768, 0, 5853, 1, 0, 0, 22810),
(86387, 16, 122309, 0, 5902, 1, 0, 0, 22810),
(86387, 15, 122310, 0, 5902, 1, 0, 0, 22810),
(86387, 14, 122311, 0, 5902, 1, 0, 0, 22810),
(86387, 13, 122308, 0, 5902, 1, 0, 0, 22810),
(86387, 12, 115399, 0, 5901, 1, 0, 0, 22810),
(86387, 11, 115397, 0, 5901, 1, 0, 0, 22810),
(86387, 10, 115396, 0, 5901, 1, 0, 0, 22810),
(86387, 9, 115398, 0, 5901, 1, 0, 0, 22810), 
(86387, 8, 116958, 0, 5900, 1, 0, 0, 22810), 
(86387, 7, 116960, 0, 5900, 1, 0, 0, 22810), 
(86387, 6, 116957, 0, 5900, 1, 0, 0, 22810), 
(86387, 5, 116959, 0, 5900, 1, 0, 0, 22810), 
(86387, 4, 116955, 0, 5340, 1, 0, 0, 22810), 
(86387, 3, 116954, 0, 5340, 1, 0, 0, 22810), 
(86387, 2, 116953, 0, 5340, 1, 0, 0, 22810), 
(86387, 1, 116956, 0, 5340, 1, 0, 0, 22810); 

-- Dawn-Seeker Verroak
-- http://www.wowhead.com/npc=86389

INSERT INTO `npc_vendor` (`entry`, `slot`, `item`, `maxcount`, `ExtendedCost`, `type`, `PlayerConditionID`, `IgnoreFiltering`, `VerifiedBuild`) VALUES
(86389, 22, 119821, 0, 5490, 1, 0, 0, 22810),
(86389, 21, 116768, 0, 5853, 1, 0, 0, 22810),
(86389, 20, 122331, 0, 5902, 1, 0, 0, 22810),
(86389, 19, 122328, 0, 5902, 1, 0, 0, 22810),
(86389, 18, 122330, 0, 5902, 1, 0, 0, 22810),
(86389, 17, 122332, 0, 5902, 1, 0, 0, 22810),
(86389, 16, 122329, 0, 5902, 1, 0, 0, 22810),
(86389, 15, 116970, 0, 5901, 1, 0, 0, 22810),
(86389, 14, 116971, 0, 5901, 1, 0, 0, 22810),
(86389, 13, 116951, 0, 5901, 1, 0, 0, 22810),
(86389, 12, 116969, 0, 5901, 1, 0, 0, 22810),
(86389, 11, 116972, 0, 5901, 1, 0, 0, 22810),
(86389, 10, 115391, 0, 5900, 1, 0, 0, 22810),
(86389, 9, 115395, 0, 5900, 1, 0, 0, 22810), 
(86389, 8, 115392, 0, 5900, 1, 0, 0, 22810), 
(86389, 7, 115393, 0, 5900, 1, 0, 0, 22810), 
(86389, 6, 115394, 0, 5900, 1, 0, 0, 22810), 
(86389, 5, 116952, 0, 5340, 1, 0, 0, 22810), 
(86389, 4, 116974, 0, 5340, 1, 0, 0, 22810), 
(86389, 3, 116973, 0, 5340, 1, 0, 0, 22810), 
(86389, 2, 116976, 0, 5340, 1, 0, 0, 22810), 
(86389, 1, 116975, 0, 5340, 1, 0, 0, 22810); 

-- Dawn-Seeker Skelak
-- http://www.wowhead.com/npc=91321

INSERT INTO `npc_vendor` (`entry`, `slot`, `item`, `maxcount`, `ExtendedCost`, `type`, `PlayerConditionID`, `IgnoreFiltering`, `VerifiedBuild`) VALUES
(91321, 18, 119821, 0, 5490, 1, 0, 0, 22810),
(91321, 17, 116768, 0, 5853, 1, 0, 0, 22810),
(91321, 16, 122314, 0, 5902, 1, 0, 0, 22810),
(91321, 15, 122313, 0, 5902, 1, 0, 0, 22810),
(91321, 14, 122312, 0, 5902, 1, 0, 0, 22810),
(91321, 13, 122315, 0, 5902, 1, 0, 0, 22810),
(91321, 12, 115401, 0, 5901, 1, 0, 0, 22810),
(91321, 11, 115400, 0, 5901, 1, 0, 0, 22810),
(91321, 10, 115402, 0, 5901, 1, 0, 0, 22810),
(91321, 9, 115403, 0, 5901, 1, 0, 0, 22810), 
(91321, 8, 116963, 0, 5900, 1, 0, 0, 22810), 
(91321, 7, 116964, 0, 5900, 1, 0, 0, 22810), 
(91321, 6, 116962, 0, 5900, 1, 0, 0, 22810), 
(91321, 5, 116961, 0, 5900, 1, 0, 0, 22810), 
(91321, 4, 116968, 0, 5340, 1, 0, 0, 22810), 
(91321, 3, 116966, 0, 5340, 1, 0, 0, 22810), 
(91321, 2, 116967, 0, 5340, 1, 0, 0, 22810), 
(91321, 1, 116965, 0, 5340, 1, 0, 0, 22810); 

-- Dawn-Seeker Vallar
-- http://www.wowhead.com/npc=86390

INSERT INTO `npc_vendor` (`entry`, `slot`, `item`, `maxcount`, `ExtendedCost`, `type`, `PlayerConditionID`, `IgnoreFiltering`, `VerifiedBuild`) VALUES
(86390, 18, 119821, 0, 5490, 1, 0, 0, 22810),
(86390, 17, 116768, 0, 5853, 1, 0, 0, 22810),
(86390, 16, 122327, 0, 5902, 1, 0, 0, 22810),
(86390, 15, 122325, 0, 5902, 1, 0, 0, 22810),
(86390, 14, 122326, 0, 5902, 1, 0, 0, 22810),
(86390, 13, 122324, 0, 5902, 1, 0, 0, 22810),
(86390, 12, 116949, 0, 5901, 1, 0, 0, 22810),
(86390, 11, 116948, 0, 5901, 1, 0, 0, 22810),
(86390, 10, 116947, 0, 5901, 1, 0, 0, 22810),
(86390, 9, 116950, 0, 5901, 1, 0, 0, 22810), 
(86390, 8, 115389, 0, 5900, 1, 0, 0, 22810), 
(86390, 7, 115390, 0, 5900, 1, 0, 0, 22810), 
(86390, 6, 115387, 0, 5900, 1, 0, 0, 22810), 
(86390, 5, 115388, 0, 5900, 1, 0, 0, 22810), 
(86390, 4, 116943, 0, 5340, 1, 0, 0, 22810), 
(86390, 3, 116944, 0, 5340, 1, 0, 0, 22810), 
(86390, 2, 116946, 0, 5340, 1, 0, 0, 22810), 
(86390, 1, 116945, 0, 5340, 1, 0, 0, 22810); 

-- Shadow-Sage Brakoss
-- http://www.wowhead.com/npc=85946

INSERT INTO `npc_vendor` (`entry`, `slot`, `item`, `maxcount`, `ExtendedCost`, `type`, `PlayerConditionID`, `IgnoreFiltering`, `VerifiedBuild`) VALUES
(85946, 6, 118682, 0, 0, 1, 0, 0, 22810),
(85946, 5, 119136, 0, 0, 1, 0, 0, 22810), 
(85946, 4, 118698, 0, 0, 1, 0, 0, 22810), 
(85946, 3, 119143, 0, 5458, 1, 0, 0, 22810), 
(85946, 2, 118666, 0, 5456, 1, 0, 0, 22810), 
(85946, 1, 116772, 0, 5457, 1, 0, 0, 22810); 

-- Vindicator Nuurem
-- http://www.wowhead.com/npc=85932

INSERT INTO `npc_vendor` (`entry`, `slot`, `item`, `maxcount`, `ExtendedCost`, `type`, `PlayerConditionID`, `IgnoreFiltering`, `VerifiedBuild`) VALUES
(85932, 8, 118680, 0, 0, 1, 0, 0, 22810), 
(85932, 7, 119135, 0, 0, 1, 0, 0, 22810), 
(85932, 6, 119142, 0, 5458, 1, 0, 0, 22810),
(85932, 5, 118665, 0, 5456, 1, 0, 0, 22810), 
(85932, 4, 118663, 0, 0, 1, 0, 0, 22810), 
(85932, 3, 119162, 0, 5851, 1, 0, 0, 22810), 
(85932, 2, 115472, 0, 0, 1, 0, 0, 22810), 
(85932, 1, 116664, 0, 5457, 1, 0, 0, 22810); 

-- Anogos Stillgrove
-- http://www.wowhead.com/npc=88235

INSERT INTO `npc_vendor` (`entry`, `slot`, `item`, `maxcount`, `ExtendedCost`, `type`, `PlayerConditionID`, `IgnoreFiltering`, `VerifiedBuild`) VALUES
(88235, 10, 120959, 0, 0, 1, 0, 0, 22810),
(88235, 9, 119324, 0, 0, 1, 0, 0, 22810) ,
(88235, 8, 119022, 0, 0, 1, 0, 0, 22810), 
(88235, 7, 117439, 0, 0, 1, 0, 0, 22810), 
(88235, 6, 117442, 0, 0, 1, 0, 0, 22810), 
(88235, 5, 117440, 0, 0, 1, 0, 0, 22810), 
(88235, 4, 117568, 0, 0, 1, 0, 0, 22810), 
(88235, 3, 117453, 0, 0, 1, 0, 0, 22810), 
(88235, 2, 117437, 0, 0, 1, 0, 0, 22810), 
(88235, 1, 117441, 0, 0, 1, 0, 0, 22810); 

-- Trader Caerel
-- http://www.wowhead.com/npc=85950

INSERT INTO `npc_vendor` (`entry`, `slot`, `item`, `maxcount`, `ExtendedCost`, `type`, `PlayerConditionID`, `IgnoreFiltering`, `VerifiedBuild`) VALUES
(85950, 17, 64670, 0, 0, 1, 0, 0, 22810),
(85950, 16, 39505, 0, 0, 1, 0, 0, 22810),
(85950, 15, 20815, 0, 0, 1, 0, 0, 22810),
(85950, 14, 5956, 0, 0, 1, 0, 0, 22810), 
(85950, 13, 6217, 0, 0, 1, 0, 0, 22810), 
(85950, 12, 6256, 0, 0, 1, 0, 0, 22810), 
(85950, 11, 85663, 0, 0, 1, 0, 0, 22810),
(85950, 10, 7005, 0, 0, 1, 0, 0, 22810), 
(85950, 9, 2901, 0, 0, 1, 0, 0, 22810), 
(85950, 8, 117445, 0, 0, 1, 0, 0, 22810),
(85950, 7, 90146, 0, 0, 1, 0, 0, 22810), 
(85950, 6, 4470, 0, 0, 1, 0, 0, 22810), 
(85950, 5, 38682, 0, 0, 1, 0, 0, 22810), 
(85950, 4, 3371, 0, 0, 1, 0, 0, 22810), 
(85950, 3, 39354, 0, 0, 1, 0, 0, 22810), 
(85950, 2, 115351, 0, 0, 1, 0, 0, 22810),
(85950, 1, 117452, 0, 0, 1, 0, 0, 22810);

-- Leara Moonsilk 
-- http://www.wowhead.com/npc=87057

INSERT INTO `npc_vendor` (`entry`, `slot`, `item`, `maxcount`, `ExtendedCost`, `type`, `PlayerConditionID`, `IgnoreFiltering`, `VerifiedBuild`) VALUES
(87057, 28, 116376, 0, 5326, 1, 0, 0, 22810),
(87057, 27, 116345, 0, 5327, 1, 0, 0, 22810),
(87057, 26, 116350, 0, 5327, 1, 0, 0, 22810),
(87057, 25, 116349, 0, 5327, 1, 0, 0, 22810),
(87057, 24, 116348, 0, 5327, 1, 0, 0, 22810),
(87057, 23, 116347, 0, 5327, 1, 0, 0, 22810),
(87057, 22, 116344, 0, 5326, 1, 0, 0, 22810),
(87057, 21, 116343, 0, 5326, 1, 0, 0, 22810),
(87057, 20, 116342, 0, 5326, 1, 0, 0, 22810),
(87057, 19, 116341, 0, 5326, 1, 0, 0, 22810),
(87057, 18, 116340, 0, 5326, 1, 0, 0, 22810),
(87057, 17, 116339, 0, 5326, 1, 0, 0, 22810),
(87057, 16, 116338, 0, 5326, 1, 0, 0, 22810),
(87057, 15, 116337, 0, 5326, 1, 0, 0, 22810),
(87057, 14, 116336, 0, 5326, 1, 0, 0, 22810),
(87057, 13, 116335, 0, 5326, 1, 0, 0, 22810),
(87057, 12, 116334, 0, 5326, 1, 0, 0, 22810),
(87057, 11, 116333, 0, 5326, 1, 0, 0, 22810),
(87057, 10, 116332, 0, 5326, 1, 0, 0, 22810),
(87057, 9, 116331, 0, 5326, 1, 0, 0, 22810), 
(87057, 8, 116330, 0, 5326, 1, 0, 0, 22810), 
(87057, 7, 116329, 0, 5326, 1, 0, 0, 22810), 
(87057, 6, 116328, 0, 5326, 1, 0, 0, 22810), 
(87057, 5, 116327, 0, 5326, 1, 0, 0, 22810), 
(87057, 4, 116326, 0, 5326, 1, 0, 0, 22810), 
(87057, 3, 120258, 0, 5326, 1, 0, 0, 22810), 
(87057, 2, 116325, 0, 5326, 1, 0, 0, 22810), 
(87057, 1, 115358, 0, 0, 1, 0, 0, 22810);  

-- Kenneth Knowles
-- http://www.wowhead.com/npc=85951

INSERT INTO `npc_vendor` (`entry`, `slot`, `item`, `maxcount`, `ExtendedCost`, `type`, `PlayerConditionID`, `IgnoreFiltering`, `VerifiedBuild`) VALUES
(85951, 29, 39505, 0, 0, 1, 0, 0, 22810),
(85951, 28, 20815, 0, 0, 1, 0, 0, 22810),
(85951, 27, 6532, 0, 0, 1, 0, 0, 22810), 
(85951, 26, 6530, 0, 0, 1, 0, 0, 22810), 
(85951, 25, 4400, 0, 0, 1, 0, 0, 22810), 
(85951, 24, 4399, 0, 0, 1, 0, 0, 22810), 
(85951, 23, 4289, 0, 0, 1, 0, 0, 22810), 
(85951, 22, 3371, 0, 0, 1, 0, 0, 22810), 
(85951, 21, 4340, 0, 0, 1, 0, 0, 22810), 
(85951, 20, 4342, 0, 0, 1, 0, 0, 22810), 
(85951, 19, 4341, 0, 0, 1, 0, 0, 22810), 
(85951, 18, 2325, 0, 0, 1, 0, 0, 22810), 
(85951, 17, 2604, 0, 0, 1, 0, 0, 22810), 
(85951, 16, 3857, 0, 0, 1, 0, 0, 22810), 
(85951, 15, 3466, 0, 0, 1, 0, 0, 22810), 
(85951, 14, 2880, 0, 0, 1, 0, 0, 22810), 
(85951, 13, 2678, 0, 0, 1, 0, 0, 22810), 
(85951, 12, 38426, 0, 0, 1, 0, 0, 22810),
(85951, 11, 14341, 0, 0, 1, 0, 0, 22810),
(85951, 10, 8343, 0, 0, 1, 0, 0, 22810), 
(85951, 9, 4291, 0, 0, 1, 0, 0, 22810), 
(85951, 8, 2321, 0, 0, 1, 0, 0, 22810), 
(85951, 7, 2320, 0, 0, 1, 0, 0, 22810), 
(85951, 6, 5956, 0, 0, 1, 0, 0, 22810), 
(85951, 5, 6217, 0, 0, 1, 0, 0, 22810), 
(85951, 4, 6256, 0, 0, 1, 0, 0, 22810), 
(85951, 3, 85663, 0, 0, 1, 0, 0, 22810), 
(85951, 2, 7005, 0, 0, 1, 0, 0, 22810), 
(85951, 1, 2901, 0, 0, 1, 0, 0, 22810); 

-- Grakis
-- http://www.wowhead.com/npc=87365

INSERT INTO `npc_vendor` (`entry`, `slot`, `item`, `maxcount`, `ExtendedCost`, `type`, `PlayerConditionID`, `IgnoreFiltering`, `VerifiedBuild`) VALUES
(87365, 20, 118732, 0, 0, 1, 31006, 1, 22810),
(87365, 19, 118731, 0, 0, 1, 31005, 1, 22810),
(87365, 18, 118730, 0, 0, 1, 31004, 1, 22810),
(87365, 17, 118729, 0, 0, 1, 31003, 1, 22810),
(87365, 16, 118728, 0, 0, 1, 31002, 1, 22810),
(87365, 15, 117389, 0, 3890, 1, 0, 0, 22810), 
(87365, 14, 117390, 0, 3890, 1, 0, 0, 22810), 
(87365, 13, 117388, 0, 3890, 1, 0, 0, 22810), 
(87365, 12, 117387, 0, 3890, 1, 0, 0, 22810), 
(87365, 11, 117386, 0, 3890, 1, 0, 0, 22810), 
(87365, 10, 87541, 0, 3890, 1, 0, 0, 22810), 
(87365, 9, 87540, 0, 3890, 1, 0, 0, 22810), 
(87365, 8, 87539, 0, 3890, 1, 0, 0, 22810), 
(87365, 7, 87538, 0, 3890, 1, 0, 0, 22810), 
(87365, 6, 87537, 0, 3890, 1, 0, 0, 22810), 
(87365, 5, 87536, 0, 3890, 1, 0, 0, 22810), 
(87365, 4, 87535, 0, 3890, 1, 0, 0, 22810), 
(87365, 3, 87534, 0, 3890, 1, 0, 0, 22810), 
(87365, 2, 87533, 0, 3890, 1, 0, 0, 22810), 
(87365, 1, 122606, 0, 3900, 1, 0, 0, 22810); 

-- Kinkade Jakobs
-- http://www.wowhead.com/npc=85849

INSERT INTO `npc_vendor` (`entry`, `slot`, `item`, `maxcount`, `ExtendedCost`, `type`, `PlayerConditionID`, `IgnoreFiltering`, `VerifiedBuild`) VALUES
(85849, 20, 111988, 0, 5325, 1, 0, 0, 22810),
(85849, 19, 111990, 0, 5325, 1, 0, 0, 22810),
(85849, 18, 111992, 0, 5325, 1, 0, 0, 22810),
(85849, 17, 111982, 0, 5325, 1, 0, 0, 22810),
(85849, 16, 111978, 0, 5325, 1, 0, 0, 22810),
(85849, 15, 111976, 0, 5325, 1, 0, 1, 22810),
(85849, 14, 111974, 0, 5325, 1, 0, 0, 22810),
(85849, 13, 109256, 0, 5325, 1, 0, 0, 22810),
(85849, 12, 111972, 0, 5325, 1, 0, 0, 22810),
(85849, 11, 111929, 0, 5325, 1, 0, 0, 22810),
(85849, 10, 111986, 0, 5325, 1, 0, 0, 22810),
(85849, 9, 111980, 0, 5325, 1, 0, 0, 22810), 
(85849, 8, 109254, 0, 5325, 1, 0, 0, 22810), 
(85849, 7, 107694, 0, 5325, 1, 0, 0, 22810), 
(85849, 6, 111968, 0, 5325, 1, 0, 0, 22810), 
(85849, 5, 111970, 0, 5329, 1, 0, 0, 22810), 
(85849, 4, 111984, 0, 5329, 1, 0, 0, 22810), 
(85849, 3, 112002, 0, 5329, 1, 0, 0, 22810), 
(85849, 2, 109062, 0, 5329, 1, 0, 0, 22810), 
(85849, 1, 111966, 0, 5329, 1, 0, 0, 22810); 

DELETE FROM `creature_equip_template` WHERE `CreatureID` IN ('88212','88214','88211','85849','86182','86184','87342','91483','88168','88155','88189','86388','86436','88215','101989','86438','86084','86408','86413','86433','86087');
INSERT INTO `creature_equip_template` (`CreatureID`, `ID`, `ItemID1`, `ItemID2`, `ItemID3`) VALUES
(88212, 1, 31824, 0, 0), 
(88214, 1, 31824, 0, 0), 
(88211, 1, 31824, 0, 0), 
(85849, 1, 1911, 0, 0), 
(86182, 1, 106254, 0, 0), 
(86184, 1, 106881, 0, 0), 
(87342, 1, 65492, 0, 110156),
(91483, 1, 119602, 0, 0), 
(88168, 1, 5598, 0, 0), 
(88155, 1, 73474, 0, 73413),
(88189, 1, 5598, 0, 0), 
(86388, 1, 113114, 0, 113120), 
(86436, 1, 65492, 0, 110155), 
(88215, 1, 31824, 0, 0), 
(101989, 1, 29417, 0, 71741), 
(86438, 1, 65492, 0, 110155), 
(86084, 1, 45528, 0, 0), 
(86408, 1, 65492, 0, 111717), 
(86413, 1, 65492, 0, 111717), 
(86433, 1, 65492, 0, 110155), 
(86087, 1, 45123, 0, 0); 

DELETE FROM `creature_template_addon` WHERE `entry` IN ('87322','87329','87320','87318','88212','88214','88211','85926','88077','88075','87435','87431','87436','85956','88235','86763','87275','86069','85925','87278','86749','86762','86154','85959','87274','85849','88236','86440','88484','87269','88482','88194','87273','85932','88485','86441','87270','88237','85921','85905','86182','85946','86184','87048','85963','87342','32639','32638','91483','87276','87657','87271','87663','88184','88183','88182','88181','88522','85964','88520','86733','87022','88168','88156','85914','86387','92501','87391','91321','86389','86391','86390','34527','88189','86388','87288','90967','88254','86148','86436','86432','85911','85961','85962','35845','86110','86065','88215','87063','93914','88230','85958','88502','93907','86093','93915','88472','87321','101989','93906','86438','86176','85957','88471','86175','88503','88468','85950','88469','88501','85920','87057','85923','87049','85910','91273','87243','85927','86424','87365','85951','87067','85930','86418','86084','86142','85955','85918','85917','87065','86141','87763','87062','86408','87375','87255','85916','85919','86129','87052','86413','87277','62822','62821','88076','86433','86087','86136','87692','88155','87285');
INSERT INTO `creature_template_addon` (`entry`, `path_id`, `mount`, `bytes1`, `bytes2`, `emote`, `aiAnimKit`, `movementAnimKit`, `meleeAnimKit`, `auras`) VALUES
(87322, 0, 0, 0, 1, 0, 0, 0, 0, '98892'), 
(87329, 0, 0, 0, 1, 0, 0, 0, 0, '98892'), 
(87320, 0, 0, 0, 1, 0, 0, 0, 0, '98892'), 
(87318, 0, 0, 0, 1, 0, 0, 0, 0, '98892'), 
(88212, 0, 0, 0, 1, 0, 0, 0, 0, ''),
(88214, 0, 0, 0, 1, 0, 0, 0, 0, ''),
(88211, 0, 0, 0, 1, 0, 0, 0, 0, ''),
(85926, 0, 0, 0, 1, 0, 0, 0, 0, ''),
(88077, 0, 0, 0, 1, 0, 0, 0, 0, ''),
(88075, 0, 0, 0, 1, 0, 0, 0, 0, ''),
(87435, 0, 0, 0, 1, 0, 0, 0, 0, ''),
(87431, 0, 0, 0, 1, 0, 0, 0, 0, ''),
(87436, 0, 0, 0, 1, 0, 0, 0, 0, ''),
(85956, 0, 0, 0, 1, 0, 0, 0, 0, ''),
(88235, 0, 0, 0, 1, 0, 0, 0, 0, ''),
(86763, 0, 0, 0, 1, 0, 0, 0, 0, ''),
(87275, 0, 0, 0, 1, 0, 0, 0, 0, '159510'),
(86069, 0, 0, 0, 1, 0, 0, 0, 0, ''), 
(85925, 0, 0, 0, 1, 0, 0, 0, 0, ''), 
(87278, 0, 0, 0, 1, 0, 0, 0, 0, '174598'),
(86749, 0, 0, 0, 1, 0, 0, 0, 0, ''),
(86762, 0, 0, 0, 1, 0, 0, 0, 0, ''),
(86154, 0, 0, 0, 1, 0, 0, 0, 0, ''),
(85959, 0, 0, 0, 1, 0, 0, 0, 0, ''),
(87274, 0, 0, 0, 1, 0, 0, 0, 0, ''),
(85849, 0, 0, 0, 1, 0, 0, 0, 0, ''),
(88236, 0, 0, 0, 1, 0, 0, 0, 0, ''),
(86440, 0, 0, 0, 1, 0, 0, 0, 0, ''),
(88484, 0, 0, 0, 1, 0, 0, 0, 0, ''),
(87269, 0, 0, 0, 1, 0, 0, 0, 0, ''),
(88482, 0, 0, 0, 1, 0, 0, 0, 0, ''),
(88194, 0, 0, 0, 1, 0, 0, 0, 0, ''),
(87273, 0, 0, 0, 1, 0, 0, 0, 0, ''),
(85932, 0, 0, 0, 1, 0, 0, 0, 0, ''),
(88485, 0, 0, 0, 1, 0, 0, 0, 0, ''),
(86441, 0, 0, 0, 1, 0, 0, 0, 0, ''),
(87270, 0, 0, 0, 1, 0, 0, 0, 0, ''),
(88237, 0, 0, 0, 1, 0, 0, 0, 0, ''),
(85921, 0, 0, 0, 1, 0, 0, 0, 0, ''),
(85905, 0, 0, 0, 1, 0, 0, 0, 0, '171987'), 
(86182, 0, 0, 0, 0, 0, 0, 0, 0, ''), 
(85946, 0, 0, 0, 1, 0, 0, 0, 0, ''), 
(86184, 0, 0, 0, 0, 0, 0, 0, 0, ''), 
(87048, 0, 0, 0, 1, 0, 0, 0, 0, ''), 
(85963, 0, 0, 0, 1, 0, 0, 0, 0, ''), 
(87342, 0, 0, 0, 256, 0, 0, 0, 0, '18950'),
(32639, 0, 0, 0, 1, 0, 0, 0, 0, '61424'), 
(32638, 0, 0, 0, 1, 0, 0, 0, 0, '61424'), 
(91483, 0, 0, 0, 1, 0, 0, 0, 0, ''), 
(87276, 0, 0, 0, 1, 0, 0, 0, 0, ''), 
(87657, 0, 0, 0, 257, 0, 0, 0, 0, '18950'),
(87271, 0, 0, 0, 1, 0, 0, 0, 0, ''), 
(87663, 0, 0, 0, 257, 0, 0, 0, 0, '18950'),
(88184, 0, 0, 0, 1, 0, 0, 0, 0, ''), 
(88183, 0, 0, 0, 1, 0, 0, 0, 0, ''), 
(88182, 0, 0, 0, 1, 0, 0, 0, 0, ''), 
(88181, 0, 0, 0, 1, 0, 0, 0, 0, ''), 
(88522, 0, 0, 0, 1, 0, 0, 0, 0, ''), 
(85964, 0, 0, 0, 1, 0, 0, 0, 0, ''), 
(88520, 0, 0, 0, 1, 0, 0, 0, 0, ''), 
(86733, 0, 0, 0, 1, 0, 0, 0, 0, ''), 
(87022, 0, 0, 0, 1, 0, 0, 0, 0, ''), 
(88168, 0, 0, 0, 257, 0, 0, 0, 0, '18950'),
(88155, 0, 0, 0, 0, 0, 0, 0, 0, ''), 
(85914, 0, 0, 0, 1, 0, 0, 0, 0, ''), 
(86387, 0, 0, 0, 1, 0, 0, 0, 0, ''), 
(92501, 0, 0, 0, 1, 0, 0, 0, 0, ''), 
(87391, 0, 0, 0, 1, 0, 0, 0, 0, ''), 
(91321, 0, 0, 0, 1, 0, 0, 0, 0, ''), 
(86389, 0, 0, 0, 1, 0, 0, 0, 0, ''), 
(86391, 0, 0, 0, 1, 0, 0, 0, 0, ''), 
(86390, 0, 0, 0, 1, 0, 0, 0, 0, ''), 
(34527, 0, 0, 0, 1, 0, 0, 0, 0, '172087'), 
(88189, 0, 14333, 0, 257, 0, 0, 0, 0, ''), 
(86388, 0, 0, 0, 1, 0, 0, 0, 0, '42459'), 
(87285, 0, 0, 0, 1, 0, 0, 0, 0, ''), 
(90967, 0, 0, 0, 1, 0, 0, 0, 0, '174827'), 
(88254, 0, 0, 0, 1, 0, 0, 0, 0, ''), 
(86148, 0, 0, 0, 1, 0, 0, 0, 0, ''), 
(86436, 0, 0, 0, 256, 0, 0, 0, 0, '18950'), 
(86432, 0, 0, 0, 1, 0, 0, 0, 0, '163207'), 
(85911, 0, 0, 0, 1, 0, 0, 0, 0, '171984'), 
(85961, 0, 0, 0, 1, 0, 0, 0, 0, ''), 
(85962, 0, 0, 0, 1, 0, 0, 0, 0, ''), 
(35845, 0, 0, 0, 1, 0, 0, 0, 0, '171980'), 
(86110, 0, 0, 0, 1, 0, 0, 0, 0, ''), 
(86065, 0, 0, 0, 1, 0, 0, 0, 0, ''), 
(88215, 0, 0, 0, 0, 0, 0, 0, 0, '171989'), 
(87063, 0, 0, 0, 1, 0, 0, 0, 0, ''), 
(93914, 0, 0, 0, 1, 0, 0, 0, 0, ''), 
(88230, 0, 0, 0, 1, 0, 0, 0, 0, ''), 
(85958, 0, 0, 0, 1, 0, 0, 0, 0, ''), 
(88502, 0, 0, 0, 1, 0, 0, 0, 0, ''), 
(93907, 0, 0, 0, 1, 0, 0, 0, 0, ''), 
(86093, 0, 0, 0, 1, 0, 0, 0, 0, '32783'),  
(93915, 0, 0, 0, 1, 0, 0, 0, 0, ''), 
(88472, 0, 0, 0, 1, 0, 0, 0, 0, ''), 
(87321, 0, 0, 0, 1, 0, 0, 0, 0, '98892 167347'), 
(101989, 0, 0, 0, 1, 0, 0, 0, 0, ''), 
(93906, 0, 0, 0, 1, 0, 0, 0, 0, ''), 
(86438, 0, 0, 0, 256, 0, 0, 0, 0, '18950'), 
(86176, 0, 0, 0, 1, 0, 0, 0, 0, ''), 
(85957, 0, 0, 0, 1, 0, 0, 0, 0, ''), 
(88471, 0, 0, 0, 1, 0, 0, 0, 0, ''), 
(86175, 0, 0, 0, 1, 0, 0, 0, 0, ''), 
(88503, 0, 0, 0, 1, 0, 0, 0, 0, ''), 
(88468, 0, 0, 0, 1, 0, 0, 0, 0, ''), 
(85950, 0, 0, 0, 1, 0, 0, 0, 0, ''), 
(88469, 0, 0, 0, 1, 0, 0, 0, 0, ''), 
(88501, 0, 0, 0, 1, 0, 0, 0, 0, ''), 
(85920, 0, 0, 0, 1, 0, 0, 0, 0, ''), 
(87057, 0, 0, 0, 1, 0, 0, 0, 0, ''), 
(85923, 0, 0, 0, 1, 0, 0, 0, 0, ''), 
(87049, 0, 0, 0, 1, 0, 0, 0, 0, ''), 
(85910, 0, 0, 0, 1, 0, 0, 0, 0, ''), 
(91273, 0, 0, 0, 257, 0, 0, 0, 0, ''), 
(87243, 0, 0, 0, 1, 0, 0, 0, 0, ''), 
(85927, 0, 0, 0, 1, 0, 0, 0, 0, '172121'), 
(86424, 0, 0, 0, 1, 0, 0, 0, 0, '174609'), 
(87365, 0, 0, 0, 1, 0, 0, 0, 0, ''), 
(85951, 0, 0, 0, 1, 0, 0, 0, 0, ''), 
(87067, 0, 0, 0, 1, 0, 0, 0, 0, ''), 
(85930, 0, 0, 0, 1, 0, 0, 0, 0, ''), 
(86418, 0, 0, 3, 1, 0, 0, 0, 0, '18950'), 
(86084, 0, 0, 0, 1, 0, 0, 0, 0, ''), 
(86142, 0, 0, 0, 1, 0, 0, 0, 0, '172067'), 
(85955, 0, 0, 0, 1, 0, 0, 0, 0, ''), 
(85918, 0, 0, 0, 1, 0, 0, 0, 0, ''), 
(85917, 0, 0, 0, 1, 0, 0, 0, 0, ''), 
(87065, 0, 0, 0, 1, 0, 0, 0, 0, ''), 
(86141, 0, 0, 0, 1, 0, 0, 0, 0, '171989'), 
(87763, 0, 0, 0, 1, 0, 0, 0, 0, ''), 
(87062, 0, 0, 0, 1, 0, 0, 0, 0, ''), 
(86408, 0, 0, 0, 257, 0, 0, 0, 0, '18950'), 
(87375, 0, 0, 0, 1, 0, 0, 0, 0, '163720'), 
(87255, 0, 0, 0, 1, 0, 0, 0, 0, ''), 
(85916, 0, 0, 0, 1, 0, 0, 0, 0, ''), 
(85919, 0, 0, 0, 1, 0, 0, 0, 0, ''), 
(86129, 0, 0, 0, 1, 0, 0, 0, 0, '164381'),
(87052, 0, 0, 0, 1, 0, 0, 0, 0, ''), 
(86413, 0, 0, 0, 256, 0, 0, 0, 0, '18950'), 
(87277, 0, 0, 0, 1, 0, 0, 0, 0, ''), 
(62822, 0, 0, 0, 1, 0, 0, 0, 0, '122729'),
(62821, 0, 0, 0, 1, 0, 0, 0, 0, '122729'),
(88076, 0, 0, 0, 1, 0, 0, 0, 0, ''), 
(86433, 0, 28917, 0, 257, 0, 0, 0, 0, ''), 
(86087, 0, 0, 0, 1, 0, 0, 0, 0, ''), 
(86136, 0, 0, 0, 1, 0, 0, 0, 0, '172032'), 
(87692, 0, 2404, 0, 257, 0, 0, 0, 0, ''); 

DELETE FROM `creature` WHERE `guid` BETWEEN @CGUID+0 AND @CGUID+364; -- 85959 86408
INSERT INTO `creature` (`guid`, `id`, `map`, `zoneId`, `areaId`, `spawnMask`, `PhaseId`, `PhaseGroup`, `modelid`, `equipment_id`, `position_x`, `position_y`, `position_z`, `orientation`, `spawntimesecs`, `spawndist`, `currentwaypoint`, `curhealth`, `curmana`, `MovementType`, `npcflag`, `unit_flags`, `dynamicflags`, `VerifiedBuild`) VALUES
(@CGUID+0, 87692, 1116, 0, 0, 3, '0', 0, 0, 0, 3652.989, -3927.136, 18.04236, 5.578746, 7200, 0, 0, 0, 0, 0, 0, 0, 0, 22810),
(@CGUID+1, 86136, 1116, 0, 0, 3, '0', 0, 0, 0, 3644.624, -3930.675, 17.461, 0.4705081, 7200, 10, 0, 0, 0, 1, 0, 0, 0, 22810), 
(@CGUID+2, 86087, 1116, 0, 0, 3, '0', 0, 0, 0, 3749.767, -3905.337, 33.52706, 2.077034, 7200, 0, 0, 0, 0, 0, 0, 0, 0, 22810), 
(@CGUID+3, 86087, 1116, 0, 0, 3, '0', 0, 0, 0, 3750.57, -3900.248, 33.53518, 5.183171, 7200, 0, 0, 0, 0, 0, 0, 0, 0, 22810), 
(@CGUID+4, 86087, 1116, 0, 0, 3, '0', 0, 0, 0, 3751.945, -3899.603, 33.51265, 5.183171, 7200, 0, 0, 0, 0, 0, 0, 0, 0, 22810), 
(@CGUID+5, 86433, 1116, 0, 0, 3, '0', 0, 0, 0, 3642.329, -3929.171, 17.33848, 0.6066951, 7200, 10, 0, 0, 0, 1, 0, 0, 0, 22810), 
(@CGUID+6, 88076, 1116, 0, 0, 3, '0', 0, 0, 0, 3578.692, -3807.936, -0.03394192, 4.763226, 7200, 10, 0, 0, 0, 1, 0, 0, 0, 22810),
(@CGUID+7, 62821, 1116, 0, 0, 3, '0', 0, 0, 0, -0.2, 0, -0.2, 0, 7200, 0, 0, 0, 0, 0, 0, 0, 0, 22810), 
(@CGUID+8, 86413, 1116, 0, 0, 3, '0', 0, 0, 0, 3725.274, -3926.283, 27.53472, 3.687493, 7200, 0, 0, 0, 0, 0, 0, 0, 0, 22810),  
(@CGUID+9, 87052, 1116, 0, 0, 3, '0', 0, 0, 0, 3735.275, -3928.462, 27.40334, 4.830181, 7200, 0, 0, 0, 0, 0, 0, 0, 0, 22810), 
(@CGUID+10, 86413, 1116, 0, 0, 3, '0', 0, 0, 0, 3621.675, -3931.877, 17.7784, 0.3464943, 7200, 0, 0, 0, 0, 0, 0, 0, 0, 22810), 
(@CGUID+11, 86129, 1116, 0, 0, 3, '0', 0, 0, 0, 3746.557, -3936.766, 26.95713, 5.220356, 7200, 0, 0, 0, 0, 0, 0, 0, 0, 22810), 
(@CGUID+12, 85919, 1116, 0, 0, 3, '0', 0, 0, 0, 3708.269, -3950.196, 25.79231, 0.4939562, 7200, 0, 0, 0, 0, 0, 0, 0, 0, 22810), 
(@CGUID+13, 85916, 1116, 0, 0, 3, '0', 0, 0, 0, 3752.987, -3923.826, 27.12201, 3.742417, 7200, 0, 0, 0, 0, 0, 0, 0, 0, 22810), 
(@CGUID+14, 87255, 1116, 0, 0, 3, '0', 0, 0, 0, 3612.96, -3923.978, 17.74612, 1.338929, 7200, 0, 0, 0, 0, 0, 0, 0, 0, 22810), 
(@CGUID+15, 86413, 1116, 0, 0, 3, '0', 0, 0, 0, 3678.156, -3955.59, 26.37931, 0.7691891, 7200, 0, 0, 0, 0, 0, 0, 0, 0, 22810), 
(@CGUID+16, 87375, 1116, 0, 0, 3, '0', 0, 0, 0, 3762.248, -3898.373, 33.90293, 2.265642, 7200, 0, 0, 0, 0, 0, 0, 0, 0, 22810), 
(@CGUID+17, 86408, 1116, 0, 0, 3, '0', 0, 0, 0, 3760.809, -3894.547, 33.57453, 4.889977, 7200, 0, 0, 0, 0, 0, 0, 0, 0, 22810), 
(@CGUID+18, 87062, 1116, 0, 0, 3, '0', 0, 0, 0, 3684.927, -3961.611, 26.09828, 1.780814, 7200, 0, 0, 0, 0, 0, 0, 0, 0, 22810), 
(@CGUID+19, 86087, 1116, 0, 0, 3, '0', 0, 0, 0, 3759.286, -3897.51, 33.5745, 6.060457, 7200, 0, 0, 0, 0, 0, 0, 0, 0, 22810), 
(@CGUID+20, 86087, 1116, 0, 0, 3, '0', 0, 0, 0, 3713.104, -3937.474, 26.16016, 3.681638, 7200, 0, 0, 0, 0, 0, 0, 0, 0, 22810), 
(@CGUID+21, 87763, 1116, 0, 0, 3, '0', 0, 0, 0, 3628.093, -3924.257, 19.23495, 0.1698937, 7200, 0, 0, 0, 0, 0, 0, 0, 0, 22810), 
(@CGUID+22, 86408, 1116, 0, 0, 3, '0', 0, 0, 0, 3619.119, -3920.103, 17.7784, 0.2465885, 7200, 0, 0, 0, 0, 0, 0, 0, 0, 22810), 
(@CGUID+23, 86141, 1116, 0, 0, 3, '0', 0, 0, 0, 3726.853, -3949.606, 26.54352, 0.3756096, 7200, 0, 0, 0, 0, 0, 0, 0, 0, 22810),
(@CGUID+24, 86087, 1116, 0, 0, 3, '0', 0, 0, 0, 3763.077, -3894.757, 33.57451, 4.488677, 7200, 0, 0, 0, 0, 0, 0, 0, 0, 22810), 
(@CGUID+25, 87065, 1116, 0, 0, 3, '0', 0, 0, 0, 3725.696, -3954.052, 26.40996, 3.135039, 7200, 0, 0, 0, 0, 0, 0, 0, 0, 22810), 
(@CGUID+26, 86433, 1116, 0, 0, 3, '0', 0, 0, 0, 3775.903, -3859.409, 43.53575, 0.8233626, 7200, 10, 0, 0, 0, 1, 0, 0, 0, 22810), 
(@CGUID+27, 85917, 1116, 0, 0, 3, '0', 0, 0, 0, 3695.633, -3963.701, 25.94791, 1.075222, 7200, 0, 0, 0, 0, 0, 0, 0, 0, 22810), 
(@CGUID+28, 85918, 1116, 0, 0, 3, '0', 0, 0, 0, 3722.739, -3956.052, 26.54352, 1.745553, 7200, 0, 0, 0, 0, 0, 0, 0, 0, 22810), 
(@CGUID+29, 85955, 1116, 0, 0, 3, '0', 0, 0, 0, 3584.017, -3885.168, 7.013719, 1.283303, 7200, 0, 0, 0, 0, 0, 0, 0, 0, 22810),
(@CGUID+30, 86142, 1116, 0, 0, 3, '0', 0, 0, 0, 3688.148, -3967.356, 26.09498, 4.855886, 7200, 10, 0, 0, 0, 1, 0, 0, 0, 22810), 
(@CGUID+31, 86408, 1116, 0, 0, 3, '0', 0, 0, 0, 3749.314, -3954.02, 27.24787, 4.435849, 7200, 0, 0, 0, 0, 0, 0, 0, 0, 22810), 
(@CGUID+32, 86433, 1116, 0, 0, 3, '0', 0, 0, 0, 3750.494, -3967.604, 27.0479, 5.476634, 7200, 10, 0, 0, 0, 1, 0, 0, 0, 22810), 
(@CGUID+33, 86084, 1116, 0, 0, 3, '0', 0, 0, 0, 3767.985, -3954.955, 27.8786, 4.971864, 7200, 0, 0, 0, 0, 0, 0, 0, 0, 22810), 
(@CGUID+34, 86418, 1116, 0, 0, 3, '0', 0, 0, 0, 3772.061, -3945.286, 28.92929, 4.6777, 7200, 0, 0, 0, 0, 0, 0, 0, 0, 22810), 
(@CGUID+35, 86413, 1116, 0, 0, 3, '0', 0, 0, 0, 3805.824, -3838.089, 48.67755, 2.116024, 7200, 0, 0, 0, 0, 0, 0, 0, 0, 22810), 
(@CGUID+36, 86413, 1116, 0, 0, 3, '0', 0, 0, 0, 3801.648, -3848.064, 44.74829, 2.011903, 7200, 0, 0, 0, 0, 0, 0, 0, 0, 22810),
(@CGUID+37, 85930, 1116, 0, 0, 3, '0', 0, 0, 0, 3767.585, -3945.257, 27.87482, 4.583912, 7200, 0, 0, 0, 0, 0, 0, 0, 0, 22810), 
(@CGUID+38, 87067, 1116, 0, 0, 3, '0', 0, 0, 0, 3733.427, -3977.705, 27.01073, 1.582815, 7200, 0, 0, 0, 0, 0, 0, 0, 0, 22810), 
(@CGUID+39, 85951, 1116, 0, 0, 3, '0', 0, 0, 0, 3745.49, -3973.318, 27.0019, 1.763934, 7200, 0, 0, 0, 0, 0, 0, 0, 0, 22810), 
(@CGUID+40, 87365, 1116, 0, 0, 3, '0', 0, 0, 0, 3754.879, -3959.201, 27.30159, 3.243365, 7200, 0, 0, 0, 0, 0, 0, 0, 0, 22810), 
(@CGUID+41, 86408, 1116, 0, 0, 3, '0', 0, 0, 0, 3793.945, -3851.288, 46.72764, 3.538875, 7200, 0, 0, 0, 0, 0, 0, 0, 0, 22810), 
(@CGUID+42, 86424, 1116, 0, 0, 3, '0', 0, 0, 0, 3769.875, -3945.484, 27.86447, 0.1581417, 7200, 0, 0, 0, 0, 0, 0, 0, 0, 22810),
(@CGUID+43, 86413, 1116, 0, 0, 3, '0', 0, 0, 0, 3697.486, -3975.969, 28.48155, 0.836255, 7200, 0, 0, 0, 0, 0, 0, 0, 0, 22810), 
(@CGUID+44, 85927, 1116, 0, 0, 3, '0', 0, 0, 0, 3756.189, -3962.017, 27.23796, 2.777095, 7200, 0, 0, 0, 0, 0, 0, 0, 0, 22810), 
(@CGUID+45, 87243, 1116, 0, 0, 3, '0', 0, 0, 0, 3741.93, -3972.024, 27.01073, 2.20314, 7200, 0, 0, 0, 0, 0, 0, 0, 0, 22810), 
(@CGUID+46, 86408, 1116, 0, 0, 3, '0', 0, 0, 0, 3812.773, -3837.104, 48.67755, 0.08908753, 7200, 0, 0, 0, 0, 0, 0, 0, 0, 22810), 
(@CGUID+47, 86408, 1116, 0, 0, 3, '0', 0, 0, 0, 3777.045, -3954.531, 27.81171, 1.496872, 7200, 0, 0, 0, 0, 0, 0, 0, 0, 22810), 
(@CGUID+48, 86413, 1116, 0, 0, 3, '0', 0, 0, 0, 3777.387, -3946.443, 27.84582, 4.739898, 7200, 0, 0, 0, 0, 0, 0, 0, 0, 22810), 
(@CGUID+49, 91273, 1116, 0, 0, 3, '0', 0, 0, 0, 3741.265, -3978.87, 27.06721, 5.986175, 7200, 0, 0, 0, 0, 0, 0, 0, 0, 22810), 
(@CGUID+50, 85910, 1116, 0, 0, 3, '0', 0, 0, 0, 3738.294, -3979.089, 27.06721, 1.753493, 7200, 0, 0, 0, 0, 0, 0, 0, 0, 22810), 
(@CGUID+51, 87049, 1116, 0, 0, 3, '0', 0, 0, 0, 3742.079, -3977.528, 27.0418, 0, 7200, 0, 0, 0, 0, 0, 0, 0, 0, 22810),  
(@CGUID+52, 85923, 1116, 0, 0, 3, '0', 0, 0, 0, 3709.892, -3984.193, 27.79447, 0.1776158, 7200, 0, 0, 0, 0, 0, 0, 0, 0, 22810), 
(@CGUID+53, 86408, 1116, 0, 0, 3, '0', 0, 0, 0, 3705.838, -3981.345, 28.24719, 0.9630923, 7200, 0, 0, 0, 0, 0, 0, 0, 0, 22810), 
(@CGUID+54, 87057, 1116, 0, 0, 3, '0', 0, 0, 0, 3718.045, -3982.38, 27.72292, 1.387423, 7200, 0, 0, 0, 0, 0, 0, 0, 0, 22810), 
(@CGUID+55, 86408, 1116, 0, 0, 3, '0', 0, 0, 0, 3754.383, -3980.016, 26.91931, 0.1523381, 7200, 0, 0, 0, 0, 0, 0, 0, 0, 22810), 
(@CGUID+56, 85920, 1116, 0, 0, 3, '0', 0, 0, 0, 3715.429, -3985.918, 27.90204, 5.51067, 7200, 0, 0, 0, 0, 0, 0, 0, 0, 22810), 
(@CGUID+57, 86087, 1116, 0, 0, 3, '0', 0, 0, 0, 3780.125, -3967.019, 27.51869, 3.334578, 7200, 0, 0, 0, 0, 0, 0, 0, 0, 22810), 
(@CGUID+58, 86408, 1116, 0, 0, 3, '0', 0, 0, 0, 3729.099, -4005.009, 32.67772, 2.832644, 7200, 0, 0, 0, 0, 0, 0, 0, 0, 22810), 
(@CGUID+59, 88076, 1116, 0, 0, 3, '0', 0, 0, 0, 3825.701, -3915.094, 5.018142, 0, 7200, 0, 0, 0, 0, 0, 0, 0, 0, 22810), 
(@CGUID+60, 88501, 1116, 0, 0, 3, '0', 0, 0, 0, 3680.753, -3994.497, 30.17087, 5.014379, 7200, 0, 0, 0, 0, 0, 0, 0, 0, 22810), 
(@CGUID+61, 88076, 1116, 0, 0, 3, '0', 0, 0, 0, 3836.291, -3893.301, 6.567018, 1.240393, 7200, 10, 0, 0, 0, 1, 0, 0, 0, 22810), 
(@CGUID+62, 88076, 1116, 0, 0, 3, '0', 0, 0, 0, 3844.73, -3921.936, -1.857409, 1.722777, 7200, 10, 0, 0, 0, 1, 0, 0, 0, 22810), 
(@CGUID+63, 86433, 1116, 0, 0, 3, '0', 0, 0, 0, 3725.81, -3993.1, 30.46297, 1.751108, 7200, 10, 0, 0, 0, 1, 0, 0, 0, 22810), 
(@CGUID+64, 88469, 1116, 0, 0, 3, '0', 0, 0, 0, 3681.688, -4003.236, 29.29411, 0.5483667, 7200, 0, 0, 0, 0, 0, 0, 0, 0, 22810), 
(@CGUID+65, 85950, 1116, 0, 0, 3, '0', 0, 0, 0, 3635.434, -3906.658, 16.54683, 4.341692, 7200, 0, 0, 0, 0, 0, 0, 0, 0, 22810), 
(@CGUID+66, 88468, 1116, 0, 0, 3, '0', 0, 0, 0, 3680.053, -4000.363, 29.17799, 0.09308653, 7200, 0, 0, 0, 0, 0, 0, 0, 0, 22810),
(@CGUID+67, 88503, 1116, 0, 0, 3, '0', 0, 0, 0, 3696.747, -4005.017, 29.64816, 2.996757, 7200, 0, 0, 0, 0, 0, 0, 0, 0, 22810), 
(@CGUID+68, 86413, 1116, 0, 0, 3, '0', 0, 0, 0, 3805.247, -3996.314, 27.11111, 4.739961, 7200, 0, 0, 0, 0, 0, 0, 0, 0, 22810), 
(@CGUID+69, 86175, 1116, 0, 0, 3, '0', 0, 0, 0, 3814.245, -3995.773, 27.04684, 0.3382763, 7200, 0, 0, 0, 0, 0, 0, 0, 0, 22810), 
(@CGUID+70, 86408, 1116, 0, 0, 3, '0', 0, 0, 0, 3802.292, -3999.911, 26.96619, 4.739961, 7200, 0, 0, 0, 0, 0, 0, 0, 0, 22810), 
(@CGUID+71, 88471, 1116, 0, 0, 3, '0', 0, 0, 0, 3684.083, -4005.573, 29.4956, 0.7665163, 7200, 0, 0, 0, 0, 0, 0, 0, 0, 22810), 
(@CGUID+72, 86408, 1116, 0, 0, 3, '0', 0, 0, 0, 3805.528, -3999.639, 27.17535, 4.739961, 7200, 0, 0, 0, 0, 0, 0, 0, 0, 22810), 
(@CGUID+73, 86413, 1116, 0, 0, 3, '0', 0, 0, 0, 3808.601, -3999.349, 27.04861, 4.739961, 7200, 0, 0, 0, 0, 0, 0, 0, 0, 22810), 
(@CGUID+74, 86408, 1116, 0, 0, 3, '0', 0, 0, 0, 3802.106, -3996.731, 27.0402, 4.739961, 7200, 0, 0, 0, 0, 0, 0, 0, 0, 22810), 
(@CGUID+75, 85957, 1116, 0, 0, 3, '0', 0, 0, 0, 3686.066, -4007.25, 29.42548, 1.170018, 7200, 0, 0, 0, 0, 0, 0, 0, 0, 22810), 
(@CGUID+76, 86176, 1116, 0, 0, 3, '0', 0, 0, 0, 3816.11, -3995.118, 27.06253, 3.550064, 7200, 0, 0, 0, 0, 0, 0, 0, 0, 22810), 
(@CGUID+77, 86413, 1116, 0, 0, 3, '0', 0, 0, 0, 3808.481, -3996.372, 27.04861, 4.739961, 7200, 0, 0, 0, 0, 0, 0, 0, 0, 22810), 
(@CGUID+78, 86438, 1116, 0, 0, 3, '0', 0, 0, 0, 3807.013, -4003.629, 26.88831, 3.153473, 7200, 10, 0, 0, 0, 1, 0, 0, 0, 22810), 
(@CGUID+79, 93906, 1116, 0, 0, 3, '0', 0, 0, 0, 3828.554, -3996.286, 27.08071, 5.75209, 7200, 0, 0, 0, 0, 0, 0, 0, 0, 22810), 
(@CGUID+80, 101989, 1116, 0, 0, 3, '0', 0, 0, 0, 3743.803, -4051.241, 46.68428, 5.18754, 7200, 0, 0, 0, 0, 0, 0, 0, 0, 22810), 
(@CGUID+81, 87321, 1116, 0, 0, 3, '0', 0, 0, 0, 3820.743, -4020.922, 28.09435, 4.661171, 7200, 0, 0, 0, 0, 0, 0, 0, 0, 22810), 
(@CGUID+82, 88472, 1116, 0, 0, 3, '0', 0, 0, 0, 3674.45, -4009.984, 32.09766, 0.5581048, 7200, 0, 0, 0, 0, 0, 0, 0, 0, 22810), 
(@CGUID+83, 93915, 1116, 0, 0, 3, '0', 0, 0, 0, 3820.174, -3999.375, 27.04684, 4.831017, 7200, 0, 0, 0, 0, 0, 0, 0, 0, 22810), 
(@CGUID+84, 86093, 1116, 0, 0, 3, '0', 0, 0, 0, 3735.155, -4046.635, 45.67841, 2.427667, 7200, 0, 0, 0, 0, 0, 0, 0, 0, 22810), 
(@CGUID+85, 93907, 1116, 0, 0, 3, '0', 0, 0, 0, 3830.179, -3997.587, 27.04684, 2.389019, 7200, 0, 0, 0, 0, 0, 0, 0, 0, 22810), 
(@CGUID+86, 88502, 1116, 0, 0, 3, '0', 0, 0, 0, 3679.266, -4014.345, 32.13129, 1.300693, 7200, 0, 0, 0, 0, 0, 0, 0, 0, 22810), 
(@CGUID+87, 85958, 1116, 0, 0, 3, '0', 0, 0, 0, 3676.03, -4011.615, 32.08232, 1.004543, 7200, 0, 0, 0, 0, 0, 0, 0, 0, 22810), 
(@CGUID+88, 88230, 1116, 0, 0, 3, '0', 0, 0, 0, 3792.076, -4033.326, 26.04898, 0.2915597, 7200, 0, 0, 0, 0, 0, 0, 0, 0, 22810), 
(@CGUID+89, 93914, 1116, 0, 0, 3, '0', 0, 0, 0, 3824.861, -3999.927, 27.04684, 4.33056, 7200, 0, 0, 0, 0, 0, 0, 0, 0, 22810), 
(@CGUID+90, 86087, 1116, 0, 0, 3, '0', 0, 0, 0, 3695.837, -4037.998, 50.14428, 1.659009, 7200, 0, 0, 0, 0, 0, 0, 0, 0, 22810), 
(@CGUID+91, 87063, 1116, 0, 0, 3, '0', 0, 0, 0, 3755.337, -4051.175, 67.22567, 3.470964, 7200, 0, 0, 0, 0, 0, 0, 0, 0, 22810), 
(@CGUID+92, 88215, 1116, 0, 0, 3, '0', 0, 0, 0, 3797.414, -4044.203, 26.24311, 4.269325, 7200, 0, 0, 0, 0, 0, 0, 0, 0, 22810), 
(@CGUID+93, 86413, 1116, 0, 0, 3, '0', 0, 0, 0, 3728.915, -4053.378, 44.95645, 2.787961, 7200, 0, 0, 0, 0, 0, 0, 0, 0, 22810), 
(@CGUID+94, 87692, 1116, 0, 0, 3, '0', 0, 0, 0, 3829.86, -4014.817, 26.95539, 3.113777, 7200, 10, 0, 0, 0, 1, 0, 0, 0, 22810), 
(@CGUID+95, 86413, 1116, 0, 0, 3, '0', 0, 0, 0, 3774.844, -3946.934, 27.79629, 4.815624, 7200, 0, 0, 0, 0, 0, 0, 0, 0, 22810), 
(@CGUID+96, 86413, 1116, 0, 0, 3, '0', 0, 0, 0, 3664.458, -3856.177, 42.1764, 0.7691891, 7200, 0, 0, 0, 0, 0, 0, 0, 0, 22810), 
(@CGUID+97, 86065, 1116, 0, 0, 3, '0', 0, 0, 0, 3679.266, -3845.21, 45.13236, 3.238246, 7200, 0, 0, 0, 0, 0, 0, 0, 0, 22810), 
(@CGUID+98, 86110, 1116, 0, 0, 3, '0', 0, 0, 0, 3677.622, -3845.642, 44.87986, 0.0586492, 7200, 0, 0, 0, 0, 0, 0, 0, 0, 22810), 
(@CGUID+99, 86413, 1116, 0, 0, 3, '0', 0, 0, 0, 3690.082, -3853.516, 45.0783, 0.1552463, 7200, 0, 0, 0, 0, 0, 0, 0, 0, 22810), 
(@CGUID+100, 86087, 1116, 0, 0, 3, '0', 0, 0, 0, 3656.43, -3917.204, 17.06763, 4.952859, 7200, 10, 0, 0, 0, 1, 0, 0, 0, 22810), 
(@CGUID+101, 86408, 1116, 0, 0, 3, '0', 0, 0, 0, 3693.056, -3852.981, 44.9266, 3.359754, 7200, 0, 0, 0, 0, 0, 0, 0, 0, 22810), 
(@CGUID+102, 86408, 1116, 0, 0, 3, '0', 0, 0, 0, 3646.606, -3907.148, 16.533, 4.949862, 7200, 0, 0, 0, 0, 0, 0, 0, 0, 22810), 
(@CGUID+103, 86413, 1116, 0, 0, 3, '0', 0, 0, 0, 3776.202, -3953.21, 27.77253, 2.383016, 7200, 0, 0, 0, 0, 0, 0, 0, 0, 22810), 
(@CGUID+104, 86413, 1116, 0, 0, 3, '0', 0, 0, 0, 3777.377, -3948.416, 27.77181, 4.467719, 7200, 0, 0, 0, 0, 0, 0, 0, 0, 22810), 
(@CGUID+105, 35845, 1116, 0, 0, 3, '0', 0, 0, 0, 3754.864, -4059.828, 68.26345, 4.340456, 7200, 10, 0, 0, 0, 1, 0, 0, 0, 22810),
(@CGUID+106, 85962, 1116, 0, 0, 3, '0', 0, 0, 0, 3743.269, -4058.323, 46.68205, 0.7734757, 7200, 0, 0, 0, 0, 0, 0, 0, 0, 22810),
(@CGUID+107, 35845, 1116, 0, 0, 3, '0', 0, 0, 0, 3753.643, -4059.198, 67.29523, 4.233682, 7200, 10, 0, 0, 0, 1, 0, 0, 0, 22810),
(@CGUID+108, 85961, 1116, 0, 0, 3, '0', 0, 0, 0, 3746.228, -4059.238, 46.68128, 1.599436, 7200, 0, 0, 0, 0, 0, 0, 0, 0, 22810), 
(@CGUID+109, 85911, 1116, 0, 0, 3, '0', 0, 0, 0, 3754.266, -4059.415, 67.21613, 3.059405, 7200, 0, 0, 0, 0, 0, 0, 0, 0, 22810), 
(@CGUID+110, 86432, 1116, 0, 0, 3, '0', 0, 0, 0, 3744.533, -4058.734, 67.21564, 0.8124133, 7200, 0, 0, 0, 0, 0, 0, 0, 0, 22810),
(@CGUID+111, 35845, 1116, 0, 0, 3, '0', 0, 0, 0, 3753.952, -4059.906, 69.01215, 5.743678, 7200, 10, 0, 0, 0, 1, 0, 0, 0, 22810),
(@CGUID+112, 87321, 1116, 0, 0, 3, '0', 0, 0, 0, 3834.248, -4020.724, 27.46977, 4.752673, 7200, 0, 0, 0, 0, 0, 0, 0, 0, 22810), 
(@CGUID+113, 86436, 1116, 0, 0, 3, '0', 0, 0, 0, 3832.726, -4029.224, 25.99934, 3.211395, 7200, 10, 0, 0, 0, 1, 0, 0, 0, 22810),
(@CGUID+114, 86148, 1116, 0, 0, 3, '0', 0, 0, 0, 3717.146, -4055.941, 45.15958, 1.443845, 7200, 0, 0, 0, 0, 0, 0, 0, 0, 22810), 
(@CGUID+115, 86087, 1116, 0, 0, 3, '0', 0, 0, 0, 3733.537, -4064.59, 45.24252, 4.433136, 7200, 10, 0, 0, 0, 1, 0, 0, 0, 22810), 
(@CGUID+116, 88254, 1116, 0, 0, 3, '0', 0, 0, 0, 3744.479, -4064.495, 67.21566, 1.200759, 7200, 0, 0, 0, 0, 0, 0, 0, 0, 22810), 
(@CGUID+117, 86087, 1116, 0, 0, 3, '0', 0, 0, 0, 3720.156, -4063.273, 46.45479, 2.604828, 7200, 0, 0, 0, 0, 0, 0, 0, 0, 22810), 
(@CGUID+118, 90967, 1116, 0, 0, 3, '0', 0, 0, 0, 3723.387, -3873.043, 30.84958, 3.765241, 7200, 0, 0, 0, 0, 0, 0, 0, 0, 22810), 
(@CGUID+119, 87285, 1116, 0, 0, 3, '0', 0, 0, 0, 3698.497, -3885.844, 31.43648, 5.873244, 7200, 0, 0, 0, 0, 0, 0, 0, 0, 22810), 
(@CGUID+120, 86413, 1116, 0, 0, 3, '0', 0, 0, 0, 3774, -3947.914, 27.77006, 3.739084, 7200, 0, 0, 0, 0, 0, 0, 0, 0, 22810), 
(@CGUID+121, 86408, 1116, 0, 0, 3, '0', 0, 0, 0, 3726.811, -3875.717, 30.91771, 3.967085, 7200, 0, 0, 0, 0, 0, 0, 0, 0, 22810), 
(@CGUID+122, 86087, 1116, 0, 0, 3, '0', 0, 0, 0, 3709.876, -3880.707, 30.85039, 3.289405, 7200, 10, 0, 0, 0, 1, 0, 0, 0, 22810),
(@CGUID+123, 86413, 1116, 0, 0, 3, '0', 0, 0, 0, 3777.076, -3954.111, 27.78296, 1.496872, 7200, 0, 0, 0, 0, 0, 0, 0, 0, 22810), 
(@CGUID+124, 86388, 1116, 0, 0, 3, '0', 0, 0, 0, 3631.896, -3974.988, 12.48535, 2.820221, 7200, 0, 0, 0, 0, 0, 0, 0, 0, 22810), 
(@CGUID+125, 88189, 1116, 0, 0, 3, '0', 0, 0, 0, 3628.473, -4009.261, 11.23767, 1.655928, 7200, 10, 0, 0, 0, 1, 0, 0, 0, 22810),
(@CGUID+126, 86413, 1116, 0, 0, 3, '0', 0, 0, 0, 3777.404, -3947.05, 27.81964, 4.739898, 7200, 0, 0, 0, 0, 0, 0, 0, 0, 22810), 
(@CGUID+127, 34527, 1116, 0, 0, 3, '0', 0, 0, 0, 3686.085, -3970.2, 26.40628, 1.058249, 7200, 0, 0, 0, 0, 0, 0, 0, 0, 22810), 
(@CGUID+128, 86087, 1116, 0, 0, 3, '0', 0, 0, 0, 3688.536, -3886.225, 32.66384, 5.570683, 7200, 10, 0, 0, 0, 1, 0, 0, 0, 22810),
(@CGUID+129, 86390, 1116, 0, 0, 3, '0', 0, 0, 0, 3623.278, -3958.283, 12.6221, 4.26717, 7200, 0, 0, 0, 0, 0, 0, 0, 0, 22810), 
(@CGUID+130, 86391, 1116, 0, 0, 3, '0', 0, 0, 0, 3626.709, -3973.941, 12.2318, 3.27075, 7200, 0, 0, 0, 0, 0, 0, 0, 0, 22810), 
(@CGUID+131, 86389, 1116, 0, 0, 3, '0', 0, 0, 0, 3627.656, -3964.571, 12.17701, 3.202895, 7200, 0, 0, 0, 0, 0, 0, 0, 0, 22810), 
(@CGUID+132, 91321, 1116, 0, 0, 3, '0', 0, 0, 0, 3626.185, -3961.141, 12.19198, 4.290033, 7200, 0, 0, 0, 0, 0, 0, 0, 0, 22810), 
(@CGUID+133, 87391, 1116, 0, 0, 3, '0', 0, 0, 0, 3627.118, -3981.535, 12.59335, 2.751866, 7200, 0, 0, 0, 0, 0, 0, 0, 0, 22810), 
(@CGUID+134, 92501, 1116, 0, 0, 3, '0', 0, 0, 0, 3625.283, -3976.911, 12.26275, 3.02338, 7200, 0, 0, 0, 0, 0, 0, 0, 0, 22810), 
(@CGUID+135, 86388, 1116, 0, 0, 3, '0', 0, 0, 0, 3629.052, -3957.814, 12.34066, 3.943824, 7200, 0, 0, 0, 0, 0, 0, 0, 0, 22810), 
(@CGUID+136, 86387, 1116, 0, 0, 3, '0', 0, 0, 0, 3628.22, -3968.58, 12.17003, 3.217129, 7200, 0, 0, 0, 0, 0, 0, 0, 0, 22810), 
(@CGUID+137, 86087, 1116, 0, 0, 3, '0', 0, 0, 0, 3691.244, -3883.934, 33.03198, 5.495643, 7200, 10, 0, 0, 0, 1, 0, 0, 0, 22810),
(@CGUID+138, 86413, 1116, 0, 0, 3, '0', 0, 0, 0, 3774.865, -3947.14, 27.7862, 4.815624, 7200, 0, 0, 0, 0, 0, 0, 0, 0, 22810), 
(@CGUID+139, 86408, 1116, 0, 0, 3, '0', 0, 0, 0, 3775.833, -3952.861, 27.77009, 2.383016, 7200, 0, 0, 0, 0, 0, 0, 0, 0, 22810), 
(@CGUID+140, 86408, 1116, 0, 0, 3, '0', 0, 0, 0, 3777.367, -3945.708, 27.87752, 4.739898, 7200, 0, 0, 0, 0, 0, 0, 0, 0, 22810), 
(@CGUID+141, 85914, 1116, 0, 0, 3, '0', 0, 0, 0, 3608.684, -4014.472, 11.94099, 0.6920597, 7200, 0, 0, 0, 0, 0, 0, 0, 0, 22810), 
(@CGUID+142, 88155, 1116, 0, 0, 3, '0', 0, 0, 0, 3616.976, -3982.752, 12.17025, 1.251826, 7200, 0, 0, 0, 0, 0, 0, 0, 0, 22810), 
(@CGUID+143, 88168, 1116, 0, 0, 3, '0', 0, 0, 0, 3623.957, -4037.417, 7.693302, 1.97785, 7200, 0, 0, 0, 0, 0, 0, 0, 0, 22810), 
(@CGUID+144, 87022, 1116, 0, 0, 3, '0', 0, 0, 0, 3611.55, -4016.62, 11.92094, 1.325472, 7200, 0, 0, 0, 0, 0, 0, 0, 0, 22810), 
(@CGUID+145, 86408, 1116, 0, 0, 3, '0', 0, 0, 0, 3607.161, -3981.691, 12.118, 1.627752, 7200, 0, 0, 0, 0, 0, 0, 0, 0, 22810), 
(@CGUID+146, 86733, 1116, 0, 0, 3, '0', 0, 0, 0, 3613.514, -3994.606, 14.42729, 3.155483, 7200, 0, 0, 0, 0, 0, 0, 0, 0, 22810), 
(@CGUID+147, 88520, 1116, 0, 0, 3, '0', 0, 0, 0, 3597.005, -3992.556, 14.89195, 0, 7200, 0, 0, 0, 0, 0, 0, 0, 0, 22810), 
(@CGUID+148, 86413, 1116, 0, 0, 3, '0', 0, 0, 0, 3600.062, -3982.356, 12.11313, 1.641554, 7200, 0, 0, 0, 0, 0, 0, 0, 0, 22810), 
(@CGUID+149, 88168, 1116, 0, 0, 3, '0', 0, 0, 0, 3636.708, -4067.774, 6.887478, 2.582347, 7200, 0, 0, 0, 0, 0, 0, 0, 0, 22810), 
(@CGUID+150, 85964, 1116, 0, 0, 3, '0', 0, 0, 0, 3613.524, -3997.144, 14.41869, 3.372586, 7200, 0, 0, 0, 0, 0, 0, 0, 0, 22810), 
(@CGUID+151, 88522, 1116, 0, 0, 3, '0', 0, 0, 0, 3597.967, -4001.335, 14.90749, 0, 7200, 0, 0, 0, 0, 0, 0, 0, 0, 22810), 
(@CGUID+152, 88181, 1116, 0, 0, 3, '0', 0, 0, 0, 3630.603, -4067.5, 6.832589, 3.510381, 7200, 0, 0, 0, 0, 0, 0, 0, 0, 22810), 
(@CGUID+153, 88182, 1116, 0, 0, 3, '0', 0, 0, 0, 3628.674, -4068.125, 6.841712, 0.4203821, 7200, 0, 0, 0, 0, 0, 0, 0, 0, 22810), 
(@CGUID+154, 88183, 1116, 0, 0, 3, '0', 0, 0, 0, 3607.185, -4049.311, 6.924367, 0, 7200, 0, 0, 0, 0, 0, 0, 0, 0, 22810), 
(@CGUID+155, 88168, 1116, 0, 0, 3, '0', 0, 0, 0, 3600.642, -4042.031, 6.826027, 1.867222, 7200, 0, 0, 0, 0, 0, 0, 0, 0, 22810), 
(@CGUID+156, 88168, 1116, 0, 0, 3, '0', 0, 0, 0, 3624.314, -4071.545, 6.666434, 1.398944, 7200, 0, 0, 0, 0, 0, 0, 0, 0, 22810), 
(@CGUID+157, 88184, 1116, 0, 0, 3, '0', 0, 0, 0, 3609.577, -4054.653, 6.924367, 0.7431221, 7200, 0, 0, 0, 0, 0, 0, 0, 0, 22810), 
(@CGUID+158, 86408, 1116, 0, 0, 3, '0', 0, 0, 0, 3764.8, -3950.548, 27.7786, 3.345062, 7200, 0, 0, 0, 0, 0, 0, 0, 0, 22810), 
(@CGUID+159, 34527, 1116, 0, 0, 3, '0', 0, 0, 0, 3686.085, -3970.2, 26.40628, 1.058249, 7200, 0, 0, 0, 0, 0, 0, 0, 0, 22810), 
(@CGUID+160, 86408, 1116, 0, 0, 3, '0', 0, 0, 0, 3752.589, -3952.566, 27.35509, 3.417501, 7200, 0, 0, 0, 0, 0, 0, 0, 0, 22810), 
(@CGUID+161, 86087, 1116, 0, 0, 3, '0', 0, 0, 0, 3698.735, -3912.836, 30.49728, 4.124242, 7200, 10, 0, 0, 0, 1, 0, 0, 0, 22810), 
(@CGUID+162, 86408, 1116, 0, 0, 3, '0', 0, 0, 0, 3756.561, -3951.126, 27.38872, 3.161497, 7200, 0, 0, 0, 0, 0, 0, 0, 0, 22810), 
(@CGUID+163, 87692, 1116, 0, 0, 3, '0', 0, 0, 0, 3778.583, -3993.972, 25.8696, 2.473193, 7200, 10, 0, 0, 0, 1, 0, 0, 0, 22810), 
(@CGUID+164, 86413, 1116, 0, 0, 3, '0', 0, 0, 0, 3748.581, -3891.401, 33.57396, 3.786388, 7200, 0, 0, 0, 0, 0, 0, 0, 0, 22810), 
(@CGUID+165, 90967, 1116, 0, 0, 3, '0', 0, 0, 0, 3716.157, -3872.358, 30.97771, 5.914659, 7200, 0, 0, 0, 0, 0, 0, 0, 0, 22810), 
(@CGUID+166, 87663, 1116, 0, 0, 3, '0', 0, 0, 0, 3752.29, -3891.132, 33.57434, 4.692651, 7200, 0, 0, 0, 0, 0, 0, 0, 0, 22810), 
(@CGUID+167, 87271, 1116, 0, 0, 3, '0', 0, 0, 0, 3753.677, -3892.66, 33.57437, 3.071364, 7200, 0, 0, 0, 0, 0, 0, 0, 0, 22810), 
(@CGUID+168, 86408, 1116, 0, 0, 3, '0', 0, 0, 0, 3713.441, -3873.54, 30.98459, 5.286925, 7200, 0, 0, 0, 0, 0, 0, 0, 0, 22810), 
(@CGUID+169, 86087, 1116, 0, 0, 3, '0', 0, 0, 0, 3747.212, -3902.181, 33.51853, 5.17521, 7200, 0, 0, 0, 0, 0, 0, 0, 0, 22810), 
(@CGUID+170, 87657, 1116, 0, 0, 3, '0', 0, 0, 0, 3745.723, -3894.649, 33.57354, 0.4667733, 7200, 0, 0, 0, 0, 0, 0, 0, 0, 22810), 
(@CGUID+171, 87276, 1116, 0, 0, 3, '0', 0, 0, 0, 3700.74, -3886.917, 30.93021, 2.666314, 7200, 0, 0, 0, 0, 0, 0, 0, 0, 22810), 
(@CGUID+172, 91483, 1116, 0, 0, 3, '0', 0, 0, 0, 3584.723, -3936.229, 21.43118, 5.903352, 7200, 0, 0, 0, 0, 0, 0, 0, 0, 22810), 
(@CGUID+173, 86413, 1116, 0, 0, 3, '0', 0, 0, 0, 3594.377, -3928.238, 19.87264, 0.1996689, 7200, 0, 0, 0, 0, 0, 0, 0, 0, 22810), 
(@CGUID+174, 32638, 1116, 0, 0, 3, '0', 0, 0, 0, 0, 0, 0, 0, 7200, 0, 0, 0, 0, 0, 0, 0, 0, 22810), 
(@CGUID+175, 85963, 1116, 0, 0, 3, '0', 0, 0, 0, 3610.898, -3854.233, 8.975697, 3.105538, 7200, 0, 0, 0, 0, 0, 0, 0, 0, 22810), 
(@CGUID+176, 87048, 1116, 0, 0, 3, '0', 0, 0, 0, 3594.028, -3877.486, 7.014996, 1.645054, 7200, 0, 0, 0, 0, 0, 0, 0, 0, 22810), 
(@CGUID+177, 86436, 1116, 0, 0, 3, '0', 0, 0, 0, 3567.027, -3952.309, 24.183, 2.387426, 7200, 0, 0, 0, 0, 0, 0, 0, 0, 22810), 
(@CGUID+178, 86184, 1116, 0, 0, 3, '0', 0, 0, 0, 3566.25, -3926.915, 22.82864, 3.427603, 7200, 0, 0, 0, 0, 0, 0, 0, 0, 22810), 
(@CGUID+179, 85946, 1116, 0, 0, 3, '0', 0, 0, 0, 3565.353, -3930.844, 22.82766, 3.284539, 7200, 0, 0, 0, 0, 0, 0, 0, 0, 22810), 
(@CGUID+180, 86182, 1116, 0, 0, 3, '0', 0, 0, 0, 3567.24, -3934.427, 22.82788, 3.246071, 7200, 0, 0, 0, 0, 0, 0, 0, 0, 22810), 
(@CGUID+181, 85905, 1116, 0, 0, 3, '0', 0, 0, 0, 3592.693, -3879.911, 6.929018, 6.160279, 7200, 10, 0, 0, 0, 1, 0, 0, 0, 22810),
(@CGUID+182, 85921, 1116, 0, 0, 3, '0', 0, 0, 0, 3589.907, -3883.953, 7.015789, 1.751665, 7200, 0, 0, 0, 0, 0, 0, 0, 0, 22810), 
(@CGUID+183, 86436, 1116, 0, 0, 3, '0', 0, 0, 0, 3559.361, -3953.49, 24.183, 1.169995, 7200, 0, 0, 0, 0, 0, 0, 0, 0, 22810), 
(@CGUID+184, 88237, 1116, 0, 0, 3, '0', 0, 0, 0, 3566.103, -3877.479, 7.359111, 3.020856, 7200, 0, 0, 0, 0, 0, 0, 0, 0, 22810), 
(@CGUID+185, 87270, 1116, 0, 0, 3, '0', 0, 0, 0, 3581.258, -3865.382, 6.939072, 0, 7200, 0, 0, 0, 0, 0, 0, 0, 0, 22810), 
(@CGUID+186, 86441, 1116, 0, 0, 3, '0', 0, 0, 0, 3555.617, -3940.441, 22.82446, 4.752641, 7200, 0, 0, 0, 0, 0, 0, 0, 0, 22810), 
(@CGUID+187, 88485, 1116, 0, 0, 3, '0', 0, 0, 0, 3554.096, -3921.233, 22.82446, 4.903818, 7200, 0, 0, 0, 0, 0, 0, 0, 0, 22810), 
(@CGUID+188, 85932, 1116, 0, 0, 3, '0', 0, 0, 0, 3556.484, -3945.392, 22.82432, 0.8017564, 7200, 0, 0, 0, 0, 0, 0, 0, 0, 22810),
(@CGUID+189, 87273, 1116, 0, 0, 3, '0', 0, 0, 0, 3557.025, -3927.493, 22.82446, 0.1294105, 7200, 0, 0, 0, 0, 0, 0, 0, 0, 22810),
(@CGUID+190, 88194, 1116, 0, 0, 3, '0', 0, 0, 0, 3599.71, -3856.424, 8.892266, 3.759037, 7200, 0, 0, 0, 0, 0, 0, 0, 0, 22810), 
(@CGUID+191, 88482, 1116, 0, 0, 3, '0', 0, 0, 0, 3551.4, -3919.974, 23.1917, 4.911041, 7200, 0, 0, 0, 0, 0, 0, 0, 0, 22810), 
(@CGUID+192, 87269, 1116, 0, 0, 3, '0', 0, 0, 0, 3583.583, -3865.844, 6.781141, 2.993386, 7200, 0, 0, 0, 0, 0, 0, 0, 0, 22810), 
(@CGUID+193, 88484, 1116, 0, 0, 3, '0', 0, 0, 0, 3551.734, -3924.734, 22.82446, 0, 7200, 0, 0, 0, 0, 0, 0, 0, 0, 22810), 
(@CGUID+194, 88194, 1116, 0, 0, 3, '0', 0, 0, 0, 3598.229, -3852.764, 8.892266, 3.301822, 7200, 0, 0, 0, 0, 0, 0, 0, 0, 22810), 
(@CGUID+195, 86440, 1116, 0, 0, 3, '0', 0, 0, 0, 3555.825, -3941.938, 22.82446, 1.984233, 7200, 0, 0, 0, 0, 0, 0, 0, 0, 22810), 
(@CGUID+196, 88236, 1116, 0, 0, 3, '0', 0, 0, 0, 3564.748, -3877.26, 7.362732, 6.055878, 7200, 0, 0, 0, 0, 0, 0, 0, 0, 22810), 
(@CGUID+197, 88194, 1116, 0, 0, 3, '0', 0, 0, 0, 3600.017, -3843.514, 8.975599, 1.517604, 7200, 0, 0, 0, 0, 0, 0, 0, 0, 22810), 
(@CGUID+198, 85849, 1116, 0, 0, 3, '0', 0, 0, 0, 3665.896, -3828.853, 47.96662, 4.72738, 7200, 0, 0, 0, 0, 0, 0, 0, 0, 22810), 
(@CGUID+199, 87274, 1116, 0, 0, 3, '0', 0, 0, 0, 3561.151, -3878.267, 13.65906, 1.312417, 7200, 0, 0, 0, 0, 0, 0, 0, 0, 22810), 
(@CGUID+200, 85959, 1116, 0, 0, 3, '0', 0, 0, 0, 3686.249, -3835.151, 45.06502, 4.349704, 7200, 0, 0, 0, 0, 0, 0, 0, 0, 22810), 
(@CGUID+201, 86087, 1116, 0, 0, 3, '0', 0, 0, 0, 3664.008, -3829.054, 46.69324, 5.131504, 7200, 10, 0, 0, 0, 1, 0, 0, 0, 22810),
(@CGUID+202, 86154, 1116, 0, 0, 3, '0', 0, 0, 0, 3561.086, -3867.698, 7.111576, 4.297894, 7200, 0, 0, 0, 0, 0, 0, 0, 0, 22810), 
(@CGUID+203, 86762, 1116, 0, 0, 3, '0', 0, 0, 0, 3559.145, -3874.243, 7.110863, 2.574766, 7200, 0, 0, 0, 0, 0, 0, 0, 0, 22810), 
(@CGUID+204, 86749, 1116, 0, 0, 3, '0', 0, 0, 0, 3562.262, -3870.049, 0.8043697, 1.372725, 7200, 0, 0, 0, 0, 0, 0, 0, 0, 22810), 
(@CGUID+205, 87278, 1116, 0, 0, 3, '0', 0, 0, 0, 3566.533, -3865.649, 7.363678, 3.37116, 7200, 0, 0, 0, 0, 0, 0, 0, 0, 22810), 
(@CGUID+206, 85925, 1116, 0, 0, 3, '0', 0, 0, 0, 3559.277, -3866.498, 0.7879469, 1.472397, 7200, 0, 0, 0, 0, 0, 0, 0, 0, 22810), 
(@CGUID+207, 86069, 1116, 0, 0, 3, '0', 0, 0, 0, 3560.73, -3869.205, 7.111576, 1.215318, 7200, 0, 0, 0, 0, 0, 0, 0, 0, 22810), 
(@CGUID+208, 87275, 1116, 0, 0, 3, '0', 0, 0, 0, 3553.46, -3878.32, 14.8817, 1.553343, 7200, 0, 0, 0, 0, 0, 0, 0, 0, 22810), 
(@CGUID+209, 86763, 1116, 0, 0, 3, '0', 0, 0, 0, 3556.917, -3871.668, 7.107924, 4.637369, 7200, 0, 0, 0, 0, 0, 0, 0, 0, 22810), 
(@CGUID+210, 86087, 1116, 0, 0, 3, '0', 0, 0, 0, 3654.267, -3826.42, 46.59472, 3.769911, 7200, 10, 0, 0, 0, 1, 0, 0, 0, 22810), 
(@CGUID+211, 88235, 1116, 0, 0, 3, '0', 0, 0, 0, 3545.88, -3871.92, 7.61107, 6.091199, 7200, 10, 0, 0, 0, 1, 0, 0, 0, 22810), 
(@CGUID+212, 85956, 1116, 0, 0, 3, '0', 0, 0, 0, 3551.286, -3870.589, 7.681326, 6.175763, 7200, 0, 0, 0, 0, 0, 0, 0, 0, 22810), 
(@CGUID+213, 87436, 1116, 0, 0, 3, '0', 0, 0, 0, 3553.602, -3873.677, -5.805013, 4.63958, 7200, 10, 0, 0, 0, 1, 0, 0, 0, 22810), 
(@CGUID+214, 87431, 1116, 0, 0, 3, '0', 0, 0, 0, 3554.075, -3874.273, -5.83078, 1.696109, 7200, 10, 0, 0, 0, 1, 0, 0, 0, 22810), 
(@CGUID+215, 87435, 1116, 0, 0, 3, '0', 0, 0, 0, 3551.215, -3872.188, -4.630606, 3.289049, 7200, 10, 0, 0, 0, 1, 0, 0, 0, 22810),
(@CGUID+216, 86413, 1116, 0, 0, 3, '0', 0, 0, 0, 3558.142, -3860.396, 13.8235, 5.508427, 7200, 0, 0, 0, 0, 0, 0, 0, 0, 22810), 
(@CGUID+217, 87657, 1116, 0, 0, 3, '0', 0, 0, 0, 3548.623, -3875.564, 7.690316, 3.024441, 7200, 0, 0, 0, 0, 0, 0, 0, 0, 22810), 
(@CGUID+218, 86087, 1116, 0, 0, 3, '0', 0, 0, 0, 3541.168, -3872.502, 7.020814, 1.558601, 7200, 0, 0, 0, 0, 0, 0, 0, 0, 22810), 
(@CGUID+219, 88076, 1116, 0, 0, 3, '0', 0, 0, 0, 3569.84, -3827.196, 1.813768, 0, 7200, 0, 0, 0, 0, 0, 0, 0, 0, 22810), 
(@CGUID+220, 88076, 1116, 0, 0, 3, '0', 0, 0, 0, 3536.266, -3837.439, 1.059945, 4.465469, 7200, 10, 0, 0, 0, 1, 0, 0, 0, 22810), 
(@CGUID+221, 86087, 1116, 0, 0, 3, '0', 0, 0, 0, 3663.916, -3811.228, 50.32199, 1.382438, 7200, 0, 0, 0, 0, 0, 0, 0, 0, 22810),
(@CGUID+222, 88076, 1116, 0, 0, 3, '0', 0, 0, 0, 3561.345, -3823.438, 1.573089, 1.57607, 7200, 0, 0, 0, 0, 0, 0, 0, 0, 22810), 
(@CGUID+223, 88076, 1116, 0, 0, 3, '0', 0, 0, 0, 3593.894, -3801.708, -0.07728279, 5.562058, 7200, 0, 0, 0, 0, 0, 0, 0, 0, 22810),
(@CGUID+224, 88076, 1116, 0, 0, 3, '0', 0, 0, 0, 3516.976, -3872.505, 1.239825, 3.378224, 7200, 0, 0, 0, 0, 0, 0, 0, 0, 22810), 
(@CGUID+225, 88076, 1116, 0, 0, 3, '0', 0, 0, 0, 3520.8, -3863.747, 0.8982744, 2.098535, 7200, 0, 0, 0, 0, 0, 0, 0, 0, 22810), 
(@CGUID+226, 88076, 1116, 0, 0, 3, '0', 0, 0, 0, 3555.591, -3798.229, -1.997603, 0.4441001, 7200, 0, 0, 0, 0, 0, 0, 0, 0, 22810),
(@CGUID+227, 88075, 1116, 0, 0, 3, '0', 0, 0, 0, 3556.822, -3785.149, 1.023429, 0, 7200, 0, 0, 0, 0, 0, 0, 0, 0, 22810), 
(@CGUID+228, 88077, 1116, 0, 0, 3, '0', 0, 0, 0, 3508.792, -3957.279, -6.25905, 1.732112, 7200, 10, 0, 0, 0, 1, 0, 0, 0, 22810), 
(@CGUID+229, 88077, 1116, 0, 0, 3, '0', 0, 0, 0, 3474.803, -3840.837, -6.675027, 2.797143, 7200, 0, 0, 0, 0, 0, 0, 0, 0, 22810), 
(@CGUID+230, 88077, 1116, 0, 0, 3, '0', 0, 0, 0, 3473.195, -3909.308, -16.24768, 1.430553, 7200, 10, 0, 0, 0, 1, 0, 0, 0, 22810),
(@CGUID+231, 88076, 1116, 0, 0, 3, '0', 0, 0, 0, 3485.449, -3906.858, -7.634447, 2.174525, 7200, 10, 0, 0, 0, 1, 0, 0, 0, 22810),
(@CGUID+232, 88076, 1116, 0, 0, 3, '0', 0, 0, 0, 3489.487, -3870.823, 0.2851363, 5.193135, 7200, 10, 0, 0, 0, 1, 0, 0, 0, 22810),
(@CGUID+233, 88076, 1116, 0, 0, 3, '0', 0, 0, 0, 3490.618, -3888.925, 0.145804, 3.708677, 7200, 10, 0, 0, 0, 1, 0, 0, 0, 22810), 
(@CGUID+234, 88075, 1116, 0, 0, 3, '0', 0, 0, 0, 3569.199, -3771.76, 6.461286, 4.875318, 7200, 0, 0, 0, 0, 0, 0, 0, 0, 22810), 
(@CGUID+235, 88076, 1116, 0, 0, 3, '0', 0, 0, 0, 3476.848, -3857.903, -17.19456, 0.8256599, 7200, 0, 0, 0, 0, 0, 0, 0, 0, 22810),
(@CGUID+236, 88077, 1116, 0, 0, 3, '0', 0, 0, 0, 3511.381, -3818.613, 0.2, 5.168737, 7200, 0, 0, 0, 0, 0, 0, 0, 0, 22810), 
(@CGUID+237, 88077, 1116, 0, 0, 3, '0', 0, 0, 0, 3479.288, -3936.156, 0.2, 0.93425, 7200, 10, 0, 0, 0, 1, 0, 0, 0, 22810), 
(@CGUID+238, 86087, 1116, 0, 0, 3, '0', 0, 0, 0, 3693.008, -3925.155, 30.51824, 3.995576, 7200, 0, 0, 0, 0, 0, 0, 0, 0, 22810), 
(@CGUID+239, 88076, 1116, 0, 0, 3, '0', 0, 0, 0, 3511.514, -3988.975, -8.035737, 0.4217788, 7200, 10, 0, 0, 0, 1, 0, 0, 0, 22810),
(@CGUID+240, 88076, 1116, 0, 0, 3, '0', 0, 0, 0, 3513.616, -3972.586, -11.14442, 2.806338, 7200, 10, 0, 0, 0, 1, 0, 0, 0, 22810),
(@CGUID+241, 88076, 1116, 0, 0, 3, '0', 0, 0, 0, 3534.008, -4021.561, -0.6112444, 1.186666, 7200, 10, 0, 0, 0, 1, 0, 0, 0, 22810),
(@CGUID+242, 85926, 1116, 0, 0, 3, '0', 0, 0, 0, 3548.55, -4006.344, 4.210606, 5.554703, 7200, 0, 0, 0, 0, 0, 0, 0, 0, 22810), 
(@CGUID+243, 88077, 1116, 0, 0, 3, '0', 0, 0, 0, 3488.594, -3979.512, 0.1999998, 4.063098, 7200, 10, 0, 0, 0, 1, 0, 0, 0, 22810),
(@CGUID+244, 88076, 1116, 0, 0, 3, '0', 0, 0, 0, 3568.98, -4037.596, 0.8847928, 0.07092274, 7200, 10, 0, 0, 0, 1, 0, 0, 0, 22810),
(@CGUID+245, 88076, 1116, 0, 0, 3, '0', 0, 0, 0, 3553.621, -4026.2, 0.6473803, 4.905361, 7200, 0, 0, 0, 0, 0, 0, 0, 0, 22810), 
(@CGUID+246, 88076, 1116, 0, 0, 3, '0', 0, 0, 0, 3567.236, -4056.35, -0.9235804, 3.208145, 7200, 10, 0, 0, 0, 1, 0, 0, 0, 22810),
(@CGUID+247, 34527, 1116, 0, 0, 3, '0', 0, 0, 0, 3686.085, -3970.2, 26.40628, 1.058249, 7200, 0, 0, 0, 0, 0, 0, 0, 0, 22810), 
(@CGUID+248, 87692, 1116, 0, 0, 3, '0', 0, 0, 0, 3720.443, -3973.189, 26.92587, 2.74737, 7200, 0, 0, 0, 0, 0, 0, 0, 0, 22810), 
(@CGUID+249, 34527, 1116, 0, 0, 3, '0', 0, 0, 0, 3686.085, -3970.2, 26.40628, 1.058249, 7200, 0, 0, 0, 0, 0, 0, 0, 0, 22810), 
(@CGUID+250, 88076, 1116, 0, 0, 3, '0', 0, 0, 0, 3539.438, -4054.403, -4.499352, 0.0783345, 7200, 10, 0, 0, 0, 1, 0, 0, 0, 22810),
(@CGUID+251, 88076, 1116, 0, 0, 3, '0', 0, 0, 0, 3598.53, -4089.167, -1.227241, 0, 7200, 0, 0, 0, 0, 0, 0, 0, 0, 22810), 
(@CGUID+252, 88076, 1116, 0, 0, 3, '0', 0, 0, 0, 3589.503, -4089.32, -8.600714, 3.242568, 7200, 0, 0, 0, 0, 0, 0, 0, 0, 22810), 
(@CGUID+253, 88076, 1116, 0, 0, 3, '0', 0, 0, 0, 3590.732, -4081.122, -5.908721, 2.405668, 7200, 0, 0, 0, 0, 0, 0, 0, 0, 22810), 
(@CGUID+254, 88077, 1116, 0, 0, 3, '0', 0, 0, 0, 3507.272, -4047.795, -13.78178, 1.076209, 7200, 0, 0, 0, 0, 0, 0, 0, 0, 22810), 
(@CGUID+255, 88077, 1116, 0, 0, 3, '0', 0, 0, 0, 3544.062, -4082.747, -4.634336, 4.255757, 7200, 0, 0, 0, 0, 0, 0, 0, 0, 22810), 
(@CGUID+256, 88076, 1116, 0, 0, 3, '0', 0, 0, 0, 3568.115, -4094.038, -7.105989, 3.699684, 7200, 0, 0, 0, 0, 0, 0, 0, 0, 22810), 
(@CGUID+257, 88077, 1116, 0, 0, 3, '0', 0, 0, 0, 3584.465, -4113.975, -13.1074, 5.214869, 7200, 10, 0, 0, 0, 1, 0, 0, 0, 22810), 
(@CGUID+258, 88211, 1116, 0, 0, 3, '0', 0, 0, 0, 3817.35, -4078.658, 30.90458, 1.926504, 7200, 0, 0, 0, 0, 0, 0, 0, 0, 22810), 
(@CGUID+259, 88214, 1116, 0, 0, 3, '0', 0, 0, 0, 3816.502, -4091.184, 30.82124, 0.7679449, 7200, 0, 0, 0, 0, 0, 0, 0, 0, 22810), 
(@CGUID+260, 88212, 1116, 0, 0, 3, '0', 0, 0, 0, 3821.987, -4073.214, 30.90458, 0.02040727, 7200, 0, 0, 0, 0, 0, 0, 0, 0, 22810),
(@CGUID+261, 86408, 1116, 0, 0, 3, '0', 0, 0, 0, 3834.544, -4031.024, 25.9118, 4.76084, 7200, 0, 0, 0, 0, 0, 0, 0, 0, 22810), 
(@CGUID+262, 87318, 1116, 0, 0, 3, '0', 0, 0, 0, 3833.111, -4041.896, 26.38758, 1.239629, 7200, 0, 0, 0, 0, 0, 0, 0, 0, 22810), 
(@CGUID+263, 87320, 1116, 0, 0, 3, '0', 0, 0, 0, 3838.563, -4042.675, 26.27721, 1.641862, 7200, 0, 0, 0, 0, 0, 0, 0, 0, 22810), 
(@CGUID+264, 87692, 1116, 0, 0, 3, '0', 0, 0, 0, 3824.976, -4014.49, 26.99842, 3.031431, 7200, 10, 0, 0, 0, 1, 0, 0, 0, 22810), 
(@CGUID+265, 86413, 1116, 0, 0, 3, '0', 0, 0, 0, 3752.535, -3952.582, 27.35477, 3.417501, 7200, 0, 0, 0, 0, 0, 0, 0, 0, 22810), 
(@CGUID+266, 34527, 1116, 0, 0, 3, '0', 0, 0, 0, 3686.085, -3970.2, 26.40628, 1.058249, 7200, 0, 0, 0, 0, 0, 0, 0, 0, 22810), 
(@CGUID+267, 86413, 1116, 0, 0, 3, '0', 0, 0, 0, 3774.194, -3947.781, 27.77174, 3.739084, 7200, 0, 0, 0, 0, 0, 0, 0, 0, 22810), 
(@CGUID+268, 86413, 1116, 0, 0, 3, '0', 0, 0, 0, 3777.429, -3947.985, 27.77933, 4.739898, 7200, 0, 0, 0, 0, 0, 0, 0, 0, 22810), 
(@CGUID+269, 87318, 1116, 0, 0, 3, '0', 0, 0, 0, 3843.464, -4041.059, 26.00735, 2.093792, 7200, 0, 0, 0, 0, 0, 0, 0, 0, 22810), 
(@CGUID+270, 87329, 1116, 0, 0, 3, '0', 0, 0, 0, 3841.392, -4059.33, 31.88298, 1.675332, 7200, 0, 0, 0, 0, 0, 0, 0, 0, 22810), 
(@CGUID+271, 86413, 1116, 0, 0, 3, '0', 0, 0, 0, 3841.377, -4030.656, 25.87244, 4.834315, 7200, 0, 0, 0, 0, 0, 0, 0, 0, 22810), 
(@CGUID+272, 87322, 1116, 0, 0, 3, '0', 0, 0, 0, 3841.204, -4077.101, 30.86158, 0.1967213, 7200, 0, 0, 0, 0, 0, 0, 0, 0, 22810),
(@CGUID+273, 86413, 1116, 0, 0, 3, '0', 0, 0, 0, 3838.059, -4030.877, 25.83939, 4.796937, 7200, 0, 0, 0, 0, 0, 0, 0, 0, 22810), 
(@CGUID+274, 86413, 1116, 0, 0, 3, '0', 0, 0, 0, 3851.345, -4017.908, 26.56154, 1.64015, 7200, 0, 0, 0, 0, 0, 0, 0, 0, 22810), 
(@CGUID+275, 86413, 1116, 0, 0, 3, '0', 0, 0, 0, 3777.046, -3954.509, 27.81014, 1.496872, 7200, 0, 0, 0, 0, 0, 0, 0, 0, 22810), 
(@CGUID+276, 86408, 1116, 0, 0, 3, '0', 0, 0, 0, 3774.835, -3946.85, 27.8004, 4.815624, 7200, 0, 0, 0, 0, 0, 0, 0, 0, 22810), 
(@CGUID+277, 86408, 1116, 0, 0, 3, '0', 0, 0, 0, 3777.414, -3947.426, 27.80345, 4.739898, 7200, 0, 0, 0, 0, 0, 0, 0, 0, 22810), 
(@CGUID+278, 86413, 1116, 0, 0, 3, '0', 0, 0, 0, 3776.079, -3953.094, 27.77172, 2.383016, 7200, 0, 0, 0, 0, 0, 0, 0, 0, 22810), 
(@CGUID+279, 86413, 1116, 0, 0, 3, '0', 0, 0, 0, 3773.935, -3947.958, 27.7695, 3.739084, 7200, 0, 0, 0, 0, 0, 0, 0, 0, 22810), 
(@CGUID+280, 86408, 1116, 0, 0, 3, '0', 0, 0, 0, 3777.369, -3945.788, 27.87407, 4.739898, 7200, 0, 0, 0, 0, 0, 0, 0, 0, 22810), 
(@CGUID+281, 86408, 1116, 0, 0, 3, '0', 0, 0, 0, 3777.05, -3954.455, 27.80648, 1.496872, 7200, 0, 0, 0, 0, 0, 0, 0, 0, 22810), 
(@CGUID+282, 86408, 1116, 0, 0, 3, '0', 0, 0, 0, 3774.795, -3946.462, 27.81947, 4.815624, 7200, 0, 0, 0, 0, 0, 0, 0, 0, 22810), 
(@CGUID+283, 87692, 1116, 0, 0, 3, '0', 0, 0, 0, 3908.954, -3983.2, 28.17259, 3.671344, 7200, 10, 0, 0, 0, 1, 0, 0, 0, 22810), 
(@CGUID+284, 86408, 1116, 0, 0, 3, '0', 0, 0, 0, 3777.415, -3947.473, 27.80138, 4.739898, 7200, 0, 0, 0, 0, 0, 0, 0, 0, 22810), 
(@CGUID+285, 86408, 1116, 0, 0, 3, '0', 0, 0, 0, 3774.537, -3947.548, 27.77472, 3.739084, 7200, 0, 0, 0, 0, 0, 0, 0, 0, 22810), 
(@CGUID+286, 86413, 1116, 0, 0, 3, '0', 0, 0, 0, 3776.554, -3953.544, 27.77486, 2.383016, 7200, 0, 0, 0, 0, 0, 0, 0, 0, 22810), 
(@CGUID+287, 86413, 1116, 0, 0, 3, '0', 0, 0, 0, 3777.372, -3945.892, 27.86959, 4.739898, 7200, 0, 0, 0, 0, 0, 0, 0, 0, 22810), 
(@CGUID+288, 86413, 1116, 0, 0, 3, '0', 0, 0, 0, 3774.736, -3945.898, 27.84713, 4.815624, 7200, 0, 0, 0, 0, 0, 0, 0, 0, 22810), 
(@CGUID+289, 86408, 1116, 0, 0, 3, '0', 0, 0, 0, 3777.044, -3954.539, 27.81223, 1.496872, 7200, 0, 0, 0, 0, 0, 0, 0, 0, 22810), 
(@CGUID+290, 86408, 1116, 0, 0, 3, '0', 0, 0, 0, 3777.422, -3947.721, 27.7907, 4.739898, 7200, 0, 0, 0, 0, 0, 0, 0, 0, 22810), 
(@CGUID+291, 86413, 1116, 0, 0, 3, '0', 0, 0, 0, 3774.732, -3947.415, 27.77641, 3.739084, 7200, 0, 0, 0, 0, 0, 0, 0, 0, 22810), 
(@CGUID+292, 86413, 1116, 0, 0, 3, '0', 0, 0, 0, 3776.152, -3953.163, 27.7722, 2.383016, 7200, 0, 0, 0, 0, 0, 0, 0, 0, 22810), 
(@CGUID+293, 86408, 1116, 0, 0, 3, '0', 0, 0, 0, 3777.387, -3946.467, 27.84479, 4.739898, 7200, 0, 0, 0, 0, 0, 0, 0, 0, 22810), 
(@CGUID+294, 87692, 1116, 0, 0, 3, '0', 0, 0, 0, 3914.323, -3980, 29.3449, 3.696856, 7200, 10, 0, 0, 0, 1, 0, 0, 0, 22810), 
(@CGUID+295, 86413, 1116, 0, 0, 3, '0', 0, 0, 0, 3774.751, -3946.043, 27.84002, 4.815624, 7200, 0, 0, 0, 0, 0, 0, 0, 0, 22810), 
(@CGUID+296, 86413, 1116, 0, 0, 3, '0', 0, 0, 0, 3776.906, -3953.878, 27.77719, 2.383016, 7200, 0, 0, 0, 0, 0, 0, 0, 0, 22810), 
(@CGUID+297, 86413, 1116, 0, 0, 3, '0', 0, 0, 0, 3777.389, -3948.369, 27.7716, 4.467719, 7200, 0, 0, 0, 0, 0, 0, 0, 0, 22810), 
(@CGUID+298, 86408, 1116, 0, 0, 3, '0', 0, 0, 0, 3774.867, -3947.163, 27.78508, 4.815624, 7200, 0, 0, 0, 0, 0, 0, 0, 0, 22810), 
(@CGUID+299, 86413, 1116, 0, 0, 3, '0', 0, 0, 0, 3775.928, -3952.951, 27.77072, 2.383016, 7200, 0, 0, 0, 0, 0, 0, 0, 0, 22810), 
(@CGUID+300, 86413, 1116, 0, 0, 3, '0', 0, 0, 0, 3777.398, -3946.866, 27.82756, 4.739898, 7200, 0, 0, 0, 0, 0, 0, 0, 0, 22810), 
(@CGUID+301, 86413, 1116, 0, 0, 3, '0', 0, 0, 0, 3774.737, -3945.906, 27.84675, 4.815624, 7200, 0, 0, 0, 0, 0, 0, 0, 0, 22810), 
(@CGUID+302, 86413, 1116, 0, 0, 3, '0', 0, 0, 0, 3776.347, -3953.348, 27.77349, 2.383016, 7200, 0, 0, 0, 0, 0, 0, 0, 0, 22810), 
(@CGUID+303, 86408, 1116, 0, 0, 3, '0', 0, 0, 0, 3777.376, -3946.035, 27.86339, 4.739898, 7200, 0, 0, 0, 0, 0, 0, 0, 0, 22810), 
(@CGUID+304, 86413, 1116, 0, 0, 3, '0', 0, 0, 0, 3774.66, -3947.464, 27.77579, 3.739084, 7200, 0, 0, 0, 0, 0, 0, 0, 0, 22810), 
(@CGUID+305, 86413, 1116, 0, 0, 3, '0', 0, 0, 0, 3777.05, -3954.455, 27.80648, 1.496872, 7200, 0, 0, 0, 0, 0, 0, 0, 0, 22810), 
(@CGUID+306, 87692, 1116, 0, 0, 3, '0', 0, 0, 0, 3912.999, -3980.822, 28.92392, 3.696856, 7200, 10, 0, 0, 0, 1, 0, 0, 0, 22810),
(@CGUID+307, 86408, 1116, 0, 0, 3, '0', 0, 0, 0, 3777.429, -3947.977, 27.77968, 4.739898, 7200, 0, 0, 0, 0, 0, 0, 0, 0, 22810), 
(@CGUID+308, 86413, 1116, 0, 0, 3, '0', 0, 0, 0, 3774.754, -3946.066, 27.8389, 4.815624, 7200, 0, 0, 0, 0, 0, 0, 0, 0, 22810), 
(@CGUID+309, 86413, 1116, 0, 0, 3, '0', 0, 0, 0, 3776.012, -3953.03, 27.77127, 2.383016, 7200, 0, 0, 0, 0, 0, 0, 0, 0, 22810), 
(@CGUID+310, 86413, 1116, 0, 0, 3, '0', 0, 0, 0, 3777.417, -3947.529, 27.79897, 4.739898, 7200, 0, 0, 0, 0, 0, 0, 0, 0, 22810), 
(@CGUID+311, 86413, 1116, 0, 0, 3, '0', 0, 0, 0, 3774.039, -3947.887, 27.7704, 3.739084, 7200, 0, 0, 0, 0, 0, 0, 0, 0, 22810), 
(@CGUID+312, 86408, 1116, 0, 0, 3, '0', 0, 0, 0, 3776.481, -3953.475, 27.77438, 2.383016, 7200, 0, 0, 0, 0, 0, 0, 0, 0, 22810), 
(@CGUID+313, 86413, 1116, 0, 0, 3, '0', 0, 0, 0, 3777.387, -3946.459, 27.84513, 4.739898, 7200, 0, 0, 0, 0, 0, 0, 0, 0, 22810), 
(@CGUID+314, 86413, 1116, 0, 0, 3, '0', 0, 0, 0, 3774.827, -3946.774, 27.80414, 4.815624, 7200, 0, 0, 0, 0, 0, 0, 0, 0, 22810), 
(@CGUID+315, 86408, 1116, 0, 0, 3, '0', 0, 0, 0, 3777.069, -3954.203, 27.78923, 1.496872, 7200, 0, 0, 0, 0, 0, 0, 0, 0, 22810), 
(@CGUID+316, 86413, 1116, 0, 0, 3, '0', 0, 0, 0, 3777.327, -3948.616, 27.77274, 4.467719, 7200, 0, 0, 0, 0, 0, 0, 0, 0, 22810), 
(@CGUID+317, 86413, 1116, 0, 0, 3, '0', 0, 0, 0, 3773.851, -3948.015, 27.76876, 3.739084, 7200, 0, 0, 0, 0, 0, 0, 0, 0, 22810), 
(@CGUID+318, 87692, 1116, 0, 0, 3, '0', 0, 0, 0, 3922.854, -3974.708, 32.05592, 3.696856, 7200, 10, 0, 0, 0, 1, 0, 0, 0, 22810),
(@CGUID+319, 86408, 1116, 0, 0, 3, '0', 0, 0, 0, 3777.009, -3955.021, 27.84518, 1.496872, 7200, 0, 0, 0, 0, 0, 0, 0, 0, 22810), 
(@CGUID+320, 86413, 1116, 0, 0, 3, '0', 0, 0, 0, 3774.816, -3947.358, 27.77714, 3.739084, 7200, 0, 0, 0, 0, 0, 0, 0, 0, 22810), 
(@CGUID+321, 86408, 1116, 0, 0, 3, '0', 0, 0, 0, 3777.422, -3947.713, 27.79104, 4.739898, 7200, 0, 0, 0, 0, 0, 0, 0, 0, 22810), 
(@CGUID+322, 86413, 1116, 0, 0, 3, '0', 0, 0, 0, 3776.56, -3953.55, 27.77489, 2.383016, 7200, 0, 0, 0, 0, 0, 0, 0, 0, 22810), 
(@CGUID+323, 86413, 1116, 0, 0, 3, '0', 0, 0, 0, 3774.703, -3945.578, 27.86282, 4.815624, 7200, 0, 0, 0, 0, 0, 0, 0, 0, 22810), 
(@CGUID+324, 86413, 1116, 0, 0, 3, '0', 0, 0, 0, 3777.362, -3945.54, 27.88475, 4.739898, 7200, 0, 0, 0, 0, 0, 0, 0, 0, 22810), 
(@CGUID+325, 86413, 1116, 0, 0, 3, '0', 0, 0, 0, 3777.023, -3954.83, 27.83211, 1.496872, 7200, 0, 0, 0, 0, 0, 0, 0, 0, 22810), 
(@CGUID+326, 86413, 1116, 0, 0, 3, '0', 0, 0, 0, 3774.861, -3947.327, 27.77754, 3.739084, 7200, 0, 0, 0, 0, 0, 0, 0, 0, 22810), 
(@CGUID+327, 86413, 1116, 0, 0, 3, '0', 0, 0, 0, 3777.362, -3945.54, 27.88475, 4.739898, 7200, 0, 0, 0, 0, 0, 0, 0, 0, 22810), 
(@CGUID+328, 87692, 1116, 0, 0, 3, '0', 0, 0, 0, 3917.986, -3977.728, 30.50894, 3.696856, 7200, 10, 0, 0, 0, 1, 0, 0, 0, 22810),
(@CGUID+329, 86408, 1116, 0, 0, 3, '0', 0, 0, 0, 3775.788, -3952.818, 27.76979, 2.383016, 7200, 0, 0, 0, 0, 0, 0, 0, 0, 22810), 
(@CGUID+330, 86413, 1116, 0, 0, 3, '0', 0, 0, 0, 3774.778, -3946.302, 27.82732, 4.815624, 7200, 0, 0, 0, 0, 0, 0, 0, 0, 22810), 
(@CGUID+331, 86413, 1116, 0, 0, 3, '0', 0, 0, 0, 3777.426, -3947.865, 27.7845, 4.739898, 7200, 0, 0, 0, 0, 0, 0, 0, 0, 22810), 
(@CGUID+332, 86413, 1116, 0, 0, 3, '0', 0, 0, 0, 3776.705, -3953.688, 27.77586, 2.383016, 7200, 0, 0, 0, 0, 0, 0, 0, 0, 22810), 
(@CGUID+333, 86408, 1116, 0, 0, 3, '0', 0, 0, 0, 3774.596, -3947.508, 27.77523, 3.739084, 7200, 0, 0, 0, 0, 0, 0, 0, 0, 22810), 
(@CGUID+334, 86408, 1116, 0, 0, 3, '0', 0, 0, 0, 3777.393, -3946.651, 27.83687, 4.739898, 7200, 0, 0, 0, 0, 0, 0, 0, 0, 22810), 
(@CGUID+335, 86413, 1116, 0, 0, 3, '0', 0, 0, 0, 3777.009, -3955.021, 27.84518, 1.496872, 7200, 0, 0, 0, 0, 0, 0, 0, 0, 22810), 
(@CGUID+336, 86413, 1116, 0, 0, 3, '0', 0, 0, 0, 3774.736, -3945.89, 27.8475, 4.815624, 7200, 0, 0, 0, 0, 0, 0, 0, 0, 22810), 
(@CGUID+337, 86408, 1116, 0, 0, 3, '0', 0, 0, 0, 3777.432, -3948.073, 27.77554, 4.739898, 7200, 0, 0, 0, 0, 0, 0, 0, 0, 22810), 
(@CGUID+338, 86408, 1116, 0, 0, 3, '0', 0, 0, 0, 3776.073, -3953.089, 27.77168, 2.383016, 7200, 0, 0, 0, 0, 0, 0, 0, 0, 22810), 
(@CGUID+339, 86408, 1116, 0, 0, 3, '0', 0, 0, 0, 3774.175, -3947.794, 27.77158, 3.739084, 7200, 0, 0, 0, 0, 0, 0, 0, 0, 22810), 
(@CGUID+340, 87692, 1116, 0, 0, 3, '0', 0, 0, 0, 3919.646, -3976.698, 31.03643, 3.696856, 7200, 10, 0, 0, 0, 1, 0, 0, 0, 22810),
(@CGUID+341, 86408, 1116, 0, 0, 3, '0', 0, 0, 0, 3777.426, -3947.857, 27.78484, 4.739898, 7200, 0, 0, 0, 0, 0, 0, 0, 0, 22810), 
(@CGUID+342, 86408, 1116, 0, 0, 3, '0', 0, 0, 0, 3775.112, -3994.569, 26.14679, 5.653327, 7200, 0, 0, 0, 0, 0, 0, 0, 0, 22810), 
(@CGUID+343, 86408, 1116, 0, 0, 3, '0', 0, 0, 0, 3764.083, -3979.976, 25.64845, 5.605109, 7200, 0, 0, 0, 0, 0, 0, 0, 0, 22810), 
(@CGUID+344, 86408, 1116, 0, 0, 3, '0', 0, 0, 0, 3777.401, -3946.97, 27.82309, 4.739898, 7200, 10, 0, 0, 0, 1, 0, 0, 0, 22810), 
(@CGUID+345, 34527, 1116, 0, 0, 3, '0', 0, 0, 0, 3686.085, -3970.2, 26.40628, 1.058249, 7200, 0, 0, 0, 0, 0, 0, 0, 0, 22810), 
(@CGUID+346, 86413, 1116, 0, 0, 3, '0', 0, 0, 0, 3774.72, -3945.746, 27.8546, 4.815624, 7200, 0, 0, 0, 0, 0, 0, 0, 0, 22810), 
(@CGUID+347, 86413, 1116, 0, 0, 3, '0', 0, 0, 0, 3777.038, -3954.615, 27.81746, 1.496872, 7200, 0, 0, 0, 0, 0, 0, 0, 0, 22810), 
(@CGUID+348, 86408, 1116, 0, 0, 3, '0', 0, 0, 0, 3777.383, -3946.291, 27.85237, 4.739898, 7200, 0, 0, 0, 0, 0, 0, 0, 0, 22810), 
(@CGUID+349, 86408, 1116, 0, 0, 3, '0', 0, 0, 0, 3774.745, -3947.406, 27.77652, 3.739084, 7200, 0, 0, 0, 0, 0, 0, 0, 0, 22810), 
(@CGUID+350, 86408, 1116, 0, 0, 3, '0', 0, 0, 0, 3776.23, -3953.237, 27.77271, 2.383016, 7200, 0, 0, 0, 0, 0, 0, 0, 0, 22810), 
(@CGUID+351, 86413, 1116, 0, 0, 3, '0', 0, 0, 0, 3777.394, -3946.69, 27.83514, 4.739898, 7200, 0, 0, 0, 0, 0, 0, 0, 0, 22810), 
(@CGUID+352, 34527, 1116, 0, 0, 3, '0', 0, 0, 0, 3686.085, -3970.2, 26.40628, 1.058249, 7200, 0, 0, 0, 0, 0, 0, 0, 0, 22810), 
(@CGUID+353, 86408, 1116, 0, 0, 3, '0', 0, 0, 0, 3774.473, -3947.592, 27.77416, 3.739084, 7200, 0, 0, 0, 0, 0, 0, 0, 0, 22810), 
(@CGUID+354, 87692, 1116, 0, 0, 3, '0', 0, 0, 0, 3784.224, -3998.427, 25.82962, 2.473193, 7200, 10, 0, 0, 0, 1, 0, 0, 0, 22810),
(@CGUID+355, 86408, 1116, 0, 0, 3, '0', 0, 0, 0, 3775.788, -3952.818, 27.76979, 2.383016, 7200, 0, 0, 0, 0, 0, 0, 0, 0, 22810), 
(@CGUID+356, 86408, 1116, 0, 0, 3, '0', 0, 0, 0, 3777.41, -3947.29, 27.80931, 4.739898, 7200, 0, 0, 0, 0, 0, 0, 0, 0, 22810), 
(@CGUID+357, 86408, 1116, 0, 0, 3, '0', 0, 0, 0, 3774.052, -3947.878, 27.77051, 3.739084, 7200, 0, 0, 0, 0, 0, 0, 0, 0, 22810), 
(@CGUID+358, 86408, 1116, 0, 0, 3, '0', 0, 0, 0, 3777.068, -3954.218, 27.79028, 1.496872, 7200, 0, 0, 0, 0, 0, 0, 0, 0, 22810), 
(@CGUID+359, 62822, 1116, 0, 0, 3, '0', 0, 0, 0, -0.2, 0, -0.2, 0, 7200, 0, 0, 0, 0, 0, 0, 0, 0, 22810),
(@CGUID+360, 86408, 1116, 0, 0, 3, '0', 0, 0, 0, 3777.383, -3946.291, 27.85237, 4.739898, 7200, 0, 0, 0, 0, 0, 0, 0, 0, 22810), 
(@CGUID+361, 86408, 1116, 0, 0, 3, '0', 0, 0, 0, 3774.828, -3946.782, 27.80377, 4.815624, 7200, 0, 0, 0, 0, 0, 0, 0, 0, 22810), 
(@CGUID+362, 86413, 1116, 0, 0, 3, '0', 0, 0, 0, 3775.978, -3952.998, 27.77105, 2.383016, 7200, 0, 0, 0, 0, 0, 0, 0, 0, 22810), 
(@CGUID+363, 86408, 1116, 0, 0, 3, '0', 0, 0, 0, 3777.412, -3948.277, 27.77117, 4.467719, 7200, 0, 0, 0, 0, 0, 0, 0, 0, 22810), 
(@CGUID+364, 86408, 1116, 0, 0, 3, '0', 0, 0, 0, 3774.058, -3947.874, 27.77056, 3.739084, 7200, 0, 0, 0, 0, 0, 0, 0, 0, 22810); 