# TrinityCore - WowPacketParser
# File name: multi
# Detected build: V6_0_3_19116
# Detected locale: enUS
# Targeted database: WarlordsOfDraenor
# Parsing date: 04/15/2016 15:12:01

SET @CGUID := 460000;
SET @OGUID := 460000;

DELETE FROM creature WHERE `guid` BETWEEN @CGUID+0 AND @CGUID+510;
INSERT INTO creature (`guid`, `id`, `map`, `zoneId`, `areaId`, `spawnMask`, `PhaseId`, `PhaseGroup`, `modelid`, `equipment_id`, `position_x`, `position_y`, `position_z`, `orientation`, `spawntimesecs`, `spawndist`, `currentwaypoint`, `curhealth`, `curmana`, `MovementType`, `npcflag`, `unit_flags`, `dynamicflags`, `VerifiedBuild`) VALUES
(@CGUID+0, 81432, 1195, 0, 0, 3, '0', 0, 0, 0, 6780.427, -643.4028, 5.008768, 3.601195, 7200, 0, 0, 0, 0, 0, 0, 0, 0, 21463), -- -Unknown- (Area: -Unknown-) (Auras: 120379 - Mod Scale 95-100%, 178296 - -Unknown-)
(@CGUID+1, 81283, 1195, 0, 0, 3, '0', 0, 0, 0, 6800.045, -610.7708, 4.826488, 1.644637, 7200, 0, 0, 0, 0, 0, 0, 0, 0, 21463), -- -Unknown- (Area: -Unknown-) (Auras: 120379 - Mod Scale 95-100%)
(@CGUID+2, 81432, 1195, 0, 0, 3, '0', 0, 0, 0, 6761.719, -628.2309, 5.008718, 3.623384, 7200, 0, 0, 0, 0, 0, 0, 0, 0, 21463), -- -Unknown- (Area: -Unknown-) (Auras: 120379 - Mod Scale 95-100%, 178296 - -Unknown-)
(@CGUID+3, 81283, 1195, 0, 0, 3, '0', 0, 0, 0, 6807.579, -607.1371, 4.922029, 2.134655, 7200, 0, 0, 0, 0, 0, 0, 0, 0, 21463), -- -Unknown- (Area: -Unknown-) (Auras: 120379 - Mod Scale 95-100%)
(@CGUID+4, 81603, 1195, 0, 0, 3, '0', 0, 0, 0, 6816.695, -643.2083, 5.008713, 0.002492719, 7200, 0, 0, 0, 0, 0, 0, 0, 0, 21463), -- -Unknown- (Area: -Unknown-) (Auras: 120379 - Mod Scale 95-100%)
(@CGUID+5, 81283, 1195, 0, 0, 3, '0', 0, 0, 0, 6844.081, -573.6667, 4.824347, 0.6965636, 7200, 0, 0, 0, 0, 0, 0, 0, 0, 21463), -- -Unknown- (Area: -Unknown-) (Auras: 120379 - Mod Scale 95-100%)
(@CGUID+6, 81283, 1195, 0, 0, 3, '0', 0, 0, 0, 6838.999, -563.2465, 5.218939, 0.01298664, 7200, 0, 0, 0, 0, 0, 0, 0, 0, 21463), -- -Unknown- (Area: -Unknown-) (Auras: 120379 - Mod Scale 95-100%)
(@CGUID+7, 83025, 1195, 0, 0, 3, '0', 0, 0, 0, 6791.398, -594.6623, 4.818933, 0.5088176, 7200, 0, 0, 0, 0, 0, 0, 0, 0, 21463), -- -Unknown- (Area: -Unknown-) (Auras: )
(@CGUID+8, 81283, 1195, 0, 0, 3, '0', 0, 0, 0, 6791.998, -580.059, 4.830692, 2.711043, 7200, 0, 0, 0, 0, 0, 0, 0, 0, 21463), -- -Unknown- (Area: -Unknown-) (Auras: 120379 - Mod Scale 95-100%)
(@CGUID+9, 81283, 1195, 0, 0, 3, '0', 0, 0, 0, 6839.085, -549.1945, 5.003648, 6.114696, 7200, 0, 0, 0, 0, 0, 0, 0, 0, 21463), -- -Unknown- (Area: -Unknown-) (Auras: 120379 - Mod Scale 95-100%)
(@CGUID+10, 86809, 1195, 0, 0, 3, '0', 0, 0, 0, 6794.458, -577.9149, 4.829403, 6.214371, 7200, 0, 0, 0, 0, 0, 0, 0, 0, 21463), -- -Unknown- (Area: -Unknown-) (Auras: 120379 - Mod Scale 95-100%, 172802 - -Unknown-)
(@CGUID+11, 81283, 1195, 0, 0, 3, '0', 0, 0, 0, 6762.448, -621.6111, 5.00742, 4.013553, 7200, 0, 0, 0, 0, 0, 0, 0, 0, 21463), -- -Unknown- (Area: -Unknown-) (Auras: 120379 - Mod Scale 95-100%)
(@CGUID+12, 86809, 1195, 0, 0, 3, '0', 0, 0, 0, 6806.846, -690.9827, 4.922058, 6.28226, 7200, 0, 0, 0, 0, 0, 0, 0, 0, 21463), -- -Unknown- (Area: -Unknown-) (Auras: 120379 - Mod Scale 95-100%, 172802 - -Unknown-)
(@CGUID+13, 81432, 1195, 0, 0, 3, '0', 0, 0, 0, 6841.327, -690.5486, 4.835058, 3.146165, 7200, 0, 0, 0, 0, 0, 0, 0, 0, 21463), -- -Unknown- (Area: -Unknown-) (Auras: 120379 - Mod Scale 95-100%)
(@CGUID+14, 83765, 1195, 0, 0, 3, '0', 0, 0, 0, 6627.098, -688.4757, 4.887365, 3.044347, 7200, 0, 0, 0, 0, 0, 0, 0, 0, 21463), -- -Unknown- (Area: -Unknown-) (Auras: 120379 - Mod Scale 95-100%)
(@CGUID+15, 83762, 1195, 0, 0, 3, '0', 0, 0, 0, 6652.056, -647.2094, 4.944049, 4.442099, 7200, 0, 0, 0, 0, 0, 0, 0, 0, 21463), -- -Unknown- (Area: -Unknown-)
(@CGUID+16, 83763, 1195, 0, 0, 3, '0', 0, 0, 0, 6809.342, -670.934, 4.66082, 5.676032, 7200, 0, 0, 0, 0, 0, 0, 0, 0, 21463), -- -Unknown- (Area: -Unknown-) (Auras: 120379 - Mod Scale 95-100%, 178296 - -Unknown-)
(@CGUID+17, 83765, 1195, 0, 0, 3, '0', 0, 0, 0, 6600.43, -691.1354, 4.887366, 0.03417581, 7200, 0, 0, 0, 0, 0, 0, 0, 0, 21463), -- -Unknown- (Area: -Unknown-) (Auras: 120379 - Mod Scale 95-100%)
(@CGUID+18, 81279, 1195, 0, 0, 3, '0', 0, 0, 0, 6883.187, -642.6545, 55.2778, 3.074585, 7200, 0, 0, 0, 0, 0, 0, 0, 0, 21463), -- -Unknown- (Area: -Unknown-) (Auras: 120379 - Mod Scale 95-100%)
(@CGUID+19, 86809, 1195, 0, 0, 3, '0', 0, 0, 0, 6853.76, -615.0208, 4.819232, 1.494934, 7200, 0, 0, 0, 0, 0, 0, 0, 0, 21463), -- -Unknown- (Area: -Unknown-) (Auras: 120379 - Mod Scale 95-100%, 172802 - -Unknown-)
(@CGUID+20, 81279, 1195, 0, 0, 3, '0', 0, 0, 0, 6883.378, -669.1528, 55.27777, 3.329136, 7200, 0, 0, 0, 0, 0, 0, 0, 0, 21463), -- -Unknown- (Area: -Unknown-) (Auras: 120379 - Mod Scale 95-100%, 160758 - -Unknown-)
(@CGUID+21, 83762, 1195, 0, 0, 3, '0', 0, 0, 0, 6656.596, -641.2169, 5.712365, 6.059046, 7200, 0, 0, 0, 0, 0, 0, 0, 0, 21463), -- -Unknown- (Area: -Unknown-) (Auras: 167539 - -Unknown-)
(@CGUID+22, 83765, 1195, 0, 0, 3, '0', 0, 0, 0, 6610.036, -674.4323, 4.887321, 4.622582, 7200, 0, 0, 0, 0, 0, 0, 0, 0, 21463), -- -Unknown- (Area: -Unknown-) (Auras: 120379 - Mod Scale 95-100%)
(@CGUID+23, 81279, 1195, 0, 0, 3, '0', 0, 0, 0, 6883.493, -679.0243, 55.27774, 3.329136, 7200, 0, 0, 0, 0, 0, 0, 0, 0, 21463), -- -Unknown- (Area: -Unknown-) (Auras: 120379 - Mod Scale 95-100%)
(@CGUID+24, 81283, 1195, 0, 0, 3, '0', 0, 0, 0, 6826.099, -688.6129, 4.835056, 2.412429, 7200, 0, 0, 0, 0, 0, 0, 0, 0, 21463), -- -Unknown- (Area: -Unknown-) (Auras: 120379 - Mod Scale 95-100%)
(@CGUID+25, 81283, 1195, 0, 0, 3, '0', 0, 0, 0, 6869.128, -578.8768, 5.008821, 1.776122, 7200, 0, 0, 0, 0, 0, 0, 0, 0, 21463), -- -Unknown- (Area: -Unknown-) (Auras: 120379 - Mod Scale 95-100%)
(@CGUID+26, 86809, 1195, 0, 0, 3, '0', 0, 0, 0, 6823.23, -647.6441, 5.008704, 2.742553, 7200, 0, 0, 0, 0, 0, 0, 0, 0, 21463), -- -Unknown- (Area: -Unknown-) (Auras: 120379 - Mod Scale 95-100%, 172802 - -Unknown-)
(@CGUID+27, 81432, 1195, 0, 0, 3, '0', 0, 0, 0, 6759.568, -664.7674, 5.008765, 1.593892, 7200, 0, 0, 0, 0, 0, 0, 0, 0, 21463), -- -Unknown- (Area: -Unknown-) (Auras: 120379 - Mod Scale 95-100%)
(@CGUID+28, 83765, 1195, 0, 0, 3, '0', 0, 0, 0, 6626.565, -680.783, 4.887343, 3.215733, 7200, 0, 0, 0, 0, 0, 0, 0, 0, 21463), -- -Unknown- (Area: -Unknown-) (Auras: 120379 - Mod Scale 95-100%)
(@CGUID+29, 83762, 1195, 0, 0, 3, '0', 0, 0, 0, 6651.045, -637.8284, 5.268254, 4.616642, 7200, 0, 0, 0, 0, 0, 0, 0, 0, 21463), -- -Unknown- (Area: -Unknown-) (Auras: 167539 - -Unknown-)
(@CGUID+30, 83763, 1195, 0, 0, 3, '0', 0, 0, 0, 6650.543, -638.3631, 5.712365, 3.319936, 7200, 0, 0, 0, 0, 0, 0, 0, 0, 21463), -- -Unknown- (Area: -Unknown-) (Auras: 120379 - Mod Scale 95-100%, 178296 - -Unknown-, 167539 - -Unknown-)
(@CGUID+31, 83765, 1195, 0, 0, 3, '0', 0, 0, 0, 6624.409, -675.3785, 4.887323, 3.8676, 7200, 0, 0, 0, 0, 0, 0, 0, 0, 21463), -- -Unknown- (Area: -Unknown-) (Auras: 120379 - Mod Scale 95-100%)
(@CGUID+32, 83765, 1195, 0, 0, 3, '0', 0, 0, 0, 6610.456, -683.7257, 4.887361, 5.547855, 7200, 0, 0, 0, 0, 0, 0, 0, 0, 21463), -- -Unknown- (Area: -Unknown-) (Auras: 120379 - Mod Scale 95-100%)
(@CGUID+33, 81283, 1195, 0, 0, 3, '0', 0, 0, 0, 6879.842, -572.5399, 5.008825, 2.557762, 7200, 0, 0, 0, 0, 0, 0, 0, 0, 21463), -- -Unknown- (Area: -Unknown-) (Auras: 120379 - Mod Scale 95-100%)
(@CGUID+34, 83765, 1195, 0, 0, 3, '0', 0, 0, 0, 6617.659, -674.3108, 4.887322, 4.751431, 7200, 0, 0, 0, 0, 0, 0, 0, 0, 21463), -- -Unknown- (Area: -Unknown-) (Auras: 120379 - Mod Scale 95-100%)
(@CGUID+35, 83025, 1195, 0, 0, 3, '0', 0, 0, 0, 6806.901, -683.7691, 4.99773, 5.921496, 7200, 0, 0, 0, 0, 0, 0, 0, 0, 21463), -- -Unknown- (Area: -Unknown-) (Auras: )
(@CGUID+36, 81432, 1195, 0, 0, 3, '0', 0, 0, 0, 6756.998, -621.243, 5.005987, 3.961004, 7200, 0, 0, 0, 0, 0, 0, 0, 0, 21463), -- -Unknown- (Area: -Unknown-) (Auras: 120379 - Mod Scale 95-100%)
(@CGUID+37, 83765, 1195, 0, 0, 3, '0', 0, 0, 0, 6613.364, -686.6476, 4.887365, 2.495898, 7200, 0, 0, 0, 0, 0, 0, 0, 0, 21463), -- -Unknown- (Area: -Unknown-) (Auras: 120379 - Mod Scale 95-100%)
(@CGUID+38, 83765, 1195, 0, 0, 3, '0', 0, 0, 0, 6599.965, -684.2604, 4.887353, 6.234366, 7200, 0, 0, 0, 0, 0, 0, 0, 0, 21463), -- -Unknown- (Area: -Unknown-) (Auras: 120379 - Mod Scale 95-100%)
(@CGUID+39, 81279, 1195, 0, 0, 3, '0', 0, 0, 0, 6883.663, -660.2969, 55.27777, 3.329136, 7200, 0, 0, 0, 0, 0, 0, 0, 0, 21463), -- -Unknown- (Area: -Unknown-) (Auras: 120379 - Mod Scale 95-100%)
(@CGUID+40, 81283, 1195, 0, 0, 3, '0', 0, 0, 0, 6823.615, -686.0608, 4.835058, 5.513442, 7200, 0, 0, 0, 0, 0, 0, 0, 0, 21463), -- -Unknown- (Area: -Unknown-) (Auras: 120379 - Mod Scale 95-100%)
(@CGUID+41, 81432, 1195, 0, 0, 3, '0', 0, 0, 0, 6872.427, -652.6823, 5.008765, 3.773511, 7200, 0, 0, 0, 0, 0, 0, 0, 0, 21463), -- -Unknown- (Area: -Unknown-) (Auras: 120379 - Mod Scale 95-100%, 172625 - -Unknown-)
(@CGUID+42, 81279, 1195, 0, 0, 3, '0', 0, 0, 0, 6888.069, -634.533, 56.04511, 2.113952, 7200, 0, 0, 0, 0, 0, 0, 0, 0, 21463), -- -Unknown- (Area: -Unknown-) (Auras: 120379 - Mod Scale 95-100%, 160758 - -Unknown-)
(@CGUID+43, 81283, 1195, 0, 0, 3, '0', 0, 0, 0, 6823.234, -639.8455, 5.008707, 3.593893, 7200, 0, 0, 0, 0, 0, 0, 0, 0, 21463), -- -Unknown- (Area: -Unknown-) (Auras: 120379 - Mod Scale 95-100%)
(@CGUID+44, 81432, 1195, 0, 0, 3, '0', 0, 0, 0, 6765.694, -660.8507, 5.008766, 2.616042, 7200, 0, 0, 0, 0, 0, 0, 0, 0, 21463), -- -Unknown- (Area: -Unknown-) (Auras: 120379 - Mod Scale 95-100%)
(@CGUID+45, 83762, 1195, 0, 0, 3, '0', 0, 0, 0, 6652.335, -639.9338, 5.332049, 5.229622, 7200, 0, 0, 0, 0, 0, 0, 0, 0, 21463), -- -Unknown- (Area: -Unknown-) (Auras: 167542 - -Unknown-)
(@CGUID+46, 83763, 1195, 0, 0, 3, '0', 0, 0, 0, 6649.233, -639.8902, 5.580842, 4.00495, 7200, 0, 0, 0, 0, 0, 0, 0, 0, 21463), -- -Unknown- (Area: -Unknown-) (Auras: 120379 - Mod Scale 95-100%, 178296 - -Unknown-)
(@CGUID+47, 83765, 1195, 0, 0, 3, '0', 0, 0, 0, 6609.238, -698.7222, 4.887367, 1.498936, 7200, 0, 0, 0, 0, 0, 0, 0, 0, 21463), -- -Unknown- (Area: -Unknown-) (Auras: 120379 - Mod Scale 95-100%)
(@CGUID+48, 83765, 1195, 0, 0, 3, '0', 0, 0, 0, 6602.505, -697.816, 4.887367, 0.7699997, 7200, 0, 0, 0, 0, 0, 0, 0, 0, 21463), -- -Unknown- (Area: -Unknown-) (Auras: 120379 - Mod Scale 95-100%)
(@CGUID+49, 81283, 1195, 0, 0, 3, '0', 0, 0, 0, 6848.086, -616.5208, 4.830853, 1.565727, 7200, 0, 0, 0, 0, 0, 0, 0, 0, 21463), -- -Unknown- (Area: -Unknown-) (Auras: 120379 - Mod Scale 95-100%)
(@CGUID+50, 81305, 1195, 0, 0, 3, '0', 0, 0, 0, 6848.516, -731.5687, 8.787739, 2.298221, 7200, 0, 0, 0, 0, 0, 0, 0, 0, 21463), -- -Unknown- (Area: -Unknown-) (Auras: 46598 - Ride Vehicle Hardcoded)
(@CGUID+51, 83392, 1195, 0, 0, 3, '0', 0, 0, 0, 6707.682, -829.118, 4.996637, 3.641106, 7200, 0, 0, 0, 0, 0, 0, 0, 0, 21463), -- -Unknown- (Area: -Unknown-) (Auras: 158349 - -Unknown-)
(@CGUID+52, 83697, 1195, 0, 0, 3, '0', 0, 0, 0, 6912.088, -783.7468, 4.85691, 4.492284, 7200, 0, 0, 0, 0, 0, 0, 0, 0, 21463), -- -Unknown- (Area: -Unknown-) (Auras: 167539 - -Unknown-)
(@CGUID+53, 83765, 1195, 0, 0, 3, '0', 0, 0, 0, 6664.549, -755.3958, 5.011473, 4.145014, 7200, 0, 0, 0, 0, 0, 0, 0, 0, 21463), -- -Unknown- (Area: -Unknown-) (Auras: 120379 - Mod Scale 95-100%)
(@CGUID+54, 83764, 1195, 0, 0, 3, '0', 0, 0, 0, 6625.021, -754.684, 5.019335, 4.900164, 7200, 0, 0, 0, 0, 0, 0, 0, 0, 21463), -- -Unknown- (Area: -Unknown-) (Auras: 120379 - Mod Scale 95-100%)
(@CGUID+55, 83764, 1195, 0, 0, 3, '0', 0, 0, 0, 6639.008, -753.4948, 5.017723, 4.648308, 7200, 0, 0, 0, 0, 0, 0, 0, 0, 21463), -- -Unknown- (Area: -Unknown-) (Auras: 120379 - Mod Scale 95-100%)
(@CGUID+56, 83765, 1195, 0, 0, 3, '0', 0, 0, 0, 6636.929, -750.158, 5.017501, 4.965976, 7200, 0, 0, 0, 0, 0, 0, 0, 0, 21463), -- -Unknown- (Area: -Unknown-) (Auras: 120379 - Mod Scale 95-100%)
(@CGUID+57, 83762, 1195, 0, 0, 3, '0', 0, 0, 0, 6559.86, -717.0273, 5.69206, 1.087749, 7200, 0, 0, 0, 0, 0, 0, 0, 0, 21463), -- -Unknown- (Area: -Unknown-) (Auras: 167539 - -Unknown-)
(@CGUID+58, 83697, 1195, 0, 0, 3, '0', 0, 0, 0, 6707.941, -868.429, 4.917934, 6.159948, 7200, 0, 0, 0, 0, 0, 0, 0, 0, 21463), -- -Unknown- (Area: -Unknown-) (Auras: 167542 - -Unknown-)
(@CGUID+59, 83697, 1195, 0, 0, 3, '0', 0, 0, 0, 6836.716, -816.3327, 4.947037, 5.448315, 7200, 0, 0, 0, 0, 0, 0, 0, 0, 21463), -- -Unknown- (Area: -Unknown-) (Auras: 167539 - -Unknown-)
(@CGUID+60, 83697, 1195, 0, 0, 3, '0', 0, 0, 0, 6537.866, -817.1572, 4.933435, 3.282439, 7200, 0, 0, 0, 0, 0, 0, 0, 0, 21463), -- -Unknown- (Area: -Unknown-) (Auras: 167539 - -Unknown-)
(@CGUID+61, 83764, 1195, 0, 0, 3, '0', 0, 0, 0, 6652.284, -752.8281, 5.01731, 4.762529, 7200, 0, 0, 0, 0, 0, 0, 0, 0, 21463), -- -Unknown- (Area: -Unknown-) (Auras: 120379 - Mod Scale 95-100%)
(@CGUID+62, 83765, 1195, 0, 0, 3, '0', 0, 0, 0, 6632.802, -752.0452, 5.018029, 4.81153, 7200, 0, 0, 0, 0, 0, 0, 0, 0, 21463), -- -Unknown- (Area: -Unknown-) (Auras: 120379 - Mod Scale 95-100%)
(@CGUID+63, 83763, 1195, 0, 0, 3, '0', 0, 0, 0, 6571.215, -718.0434, 5.612486, 5.674344, 7200, 0, 0, 0, 0, 0, 0, 0, 0, 21463), -- -Unknown- (Area: -Unknown-) (Auras: 120379 - Mod Scale 95-100%, 178296 - -Unknown-, 167539 - -Unknown-)
(@CGUID+64, 83762, 1195, 0, 0, 3, '0', 0, 0, 0, 6568.536, -701.7936, 5.65544, 1.04325, 7200, 0, 0, 0, 0, 0, 0, 0, 0, 21463), -- -Unknown- (Area: -Unknown-) (Auras: 167539 - -Unknown-)
(@CGUID+65, 83762, 1195, 0, 0, 3, '0', 0, 0, 0, 6706.985, -845.2485, 4.977947, 6.030917, 7200, 0, 0, 0, 0, 0, 0, 0, 0, 21463), -- -Unknown- (Area: -Unknown-) (Auras: 167539 - -Unknown-)
(@CGUID+66, 83763, 1195, 0, 0, 3, '0', 0, 0, 0, 6605.634, -809.2699, 5.6755, 2.284826, 7200, 0, 0, 0, 0, 0, 0, 0, 0, 21463), -- -Unknown- (Area: -Unknown-) (Auras: 120379 - Mod Scale 95-100%, 178296 - -Unknown-)
(@CGUID+67, 81432, 1195, 0, 0, 3, '0', 0, 0, 0, 6862.275, -806.1632, 5.987278, 4.238596, 7200, 0, 0, 0, 0, 0, 0, 0, 0, 21463), -- -Unknown- (Area: -Unknown-) (Auras: 120379 - Mod Scale 95-100%, 172625 - -Unknown-)
(@CGUID+68, 81279, 1195, 0, 0, 3, '0', 0, 0, 0, 6883.902, -700.434, 55.27773, 3.329136, 7200, 0, 0, 0, 0, 0, 0, 0, 0, 21463), -- -Unknown- (Area: -Unknown-) (Auras: 120379 - Mod Scale 95-100%, 160758 - -Unknown-)
(@CGUID+69, 83697, 1195, 0, 0, 3, '0', 0, 0, 0, 6905.701, -782.4673, 4.883258, 1.599196, 7200, 0, 0, 0, 0, 0, 0, 0, 0, 21463), -- -Unknown- (Area: -Unknown-) (Auras: 167539 - -Unknown-)
(@CGUID+70, 83764, 1195, 0, 0, 3, '0', 0, 0, 0, 6628.271, -752.9896, 5.017886, 4.810431, 7200, 0, 0, 0, 0, 0, 0, 0, 0, 21463), -- -Unknown- (Area: -Unknown-) (Auras: 120379 - Mod Scale 95-100%)
(@CGUID+71, 83764, 1195, 0, 0, 3, '0', 0, 0, 0, 6654.518, -751.6736, 5.014302, 4.538046, 7200, 0, 0, 0, 0, 0, 0, 0, 0, 21463), -- -Unknown- (Area: -Unknown-) (Auras: 120379 - Mod Scale 95-100%)
(@CGUID+72, 83764, 1195, 0, 0, 3, '0', 0, 0, 0, 6657.721, -752.8889, 5.0127, 4.729754, 7200, 0, 0, 0, 0, 0, 0, 0, 0, 21463), -- -Unknown- (Area: -Unknown-) (Auras: 120379 - Mod Scale 95-100%)
(@CGUID+73, 83762, 1195, 0, 0, 3, '0', 0, 0, 0, 6593.737, -818.1411, 5.615977, 2.818811, 7200, 0, 0, 0, 0, 0, 0, 0, 0, 21463), -- -Unknown- (Area: -Unknown-) (Auras: 167539 - -Unknown-)
(@CGUID+74, 83697, 1195, 0, 0, 3, '0', 0, 0, 0, 6837.157, -821.0358, 4.994245, 5.601838, 7200, 0, 0, 0, 0, 0, 0, 0, 0, 21463), -- -Unknown- (Area: -Unknown-) (Auras: 167542 - -Unknown-)
(@CGUID+75, 83764, 1195, 0, 0, 3, '0', 0, 0, 0, 6660.853, -751.5938, 5.011292, 4.582347, 7200, 0, 0, 0, 0, 0, 0, 0, 0, 21463), -- -Unknown- (Area: -Unknown-) (Auras: 120379 - Mod Scale 95-100%)
(@CGUID+76, 83028, 1195, 0, 0, 3, '0', 0, 0, 0, 6887.631, -787.9244, 4.987559, 5.413575, 7200, 0, 0, 0, 0, 0, 0, 0, 0, 21463), -- -Unknown- (Area: -Unknown-) (Auras: 120379 - Mod Scale 95-100%)
(@CGUID+77, 83762, 1195, 0, 0, 3, '0', 0, 0, 0, 6601.157, -819.2383, 5.666384, 4.730782, 7200, 0, 0, 0, 0, 0, 0, 0, 0, 21463), -- -Unknown- (Area: -Unknown-) (Auras: 167539 - -Unknown-)
(@CGUID+78, 83697, 1195, 0, 0, 3, '0', 0, 0, 0, 6832.773, -820.8065, 4.947601, 5.536841, 7200, 0, 0, 0, 0, 0, 0, 0, 0, 21463), -- -Unknown- (Area: -Unknown-) (Auras: 167539 - -Unknown-)
(@CGUID+79, 81432, 1195, 0, 0, 3, '0', 0, 0, 0, 6895.649, -810.7205, 5.017567, 3.896959, 7200, 0, 0, 0, 0, 0, 0, 0, 0, 21463), -- -Unknown- (Area: -Unknown-) (Auras: 120379 - Mod Scale 95-100%, 172625 - -Unknown-)
(@CGUID+80, 83697, 1195, 0, 0, 3, '0', 0, 0, 0, 6536.765, -810.2946, 4.933238, 2.907208, 7200, 0, 0, 0, 0, 0, 0, 0, 0, 21463), -- -Unknown- (Area: -Unknown-) (Auras: 167539 - -Unknown-)
(@CGUID+81, 83697, 1195, 0, 0, 3, '0', 0, 0, 0, 6909.88, -788.4888, 5.024068, 5.520323, 7200, 0, 0, 0, 0, 0, 0, 0, 0, 21463), -- -Unknown- (Area: -Unknown-) (Auras: 167542 - -Unknown-)
(@CGUID+82, 83764, 1195, 0, 0, 3, '0', 0, 0, 0, 6642.148, -751.8577, 5.017658, 4.900164, 7200, 0, 0, 0, 0, 0, 0, 0, 0, 21463), -- -Unknown- (Area: -Unknown-) (Auras: 120379 - Mod Scale 95-100%)
(@CGUID+83, 83762, 1195, 0, 0, 3, '0', 0, 0, 0, 6559.207, -705.861, 5.653443, 1.645568, 7200, 0, 0, 0, 0, 0, 0, 0, 0, 21463), -- -Unknown- (Area: -Unknown-)
(@CGUID+84, 83763, 1195, 0, 0, 3, '0', 0, 0, 0, 6598.322, -806.7241, 5.661494, 2.877309, 7200, 0, 0, 0, 0, 0, 0, 0, 0, 21463), -- -Unknown- (Area: -Unknown-) (Auras: 120379 - Mod Scale 95-100%, 178296 - -Unknown-)
(@CGUID+85, 81432, 1195, 0, 0, 3, '0', 0, 0, 0, 6880.668, -816.8524, 5.017942, 0.0758415, 7200, 0, 0, 0, 0, 0, 0, 0, 0, 21463), -- -Unknown- (Area: -Unknown-) (Auras: 120379 - Mod Scale 95-100%, 178296 - -Unknown-)
(@CGUID+86, 81279, 1195, 0, 0, 3, '0', 0, 0, 0, 6884.469, -705.7361, 55.27774, 3.404191, 7200, 0, 0, 0, 0, 0, 0, 0, 0, 21463), -- -Unknown- (Area: -Unknown-) (Auras: 120379 - Mod Scale 95-100%, 160758 - -Unknown-)
(@CGUID+87, 83764, 1195, 0, 0, 3, '0', 0, 0, 0, 6645.789, -753.5625, 5.020179, 4.682268, 7200, 0, 0, 0, 0, 0, 0, 0, 0, 21463), -- -Unknown- (Area: -Unknown-) (Auras: 120379 - Mod Scale 95-100%)
(@CGUID+88, 83764, 1195, 0, 0, 3, '0', 0, 0, 0, 6622.021, -754.6042, 5.020372, 4.810431, 7200, 0, 0, 0, 0, 0, 0, 0, 0, 21463), -- -Unknown- (Area: -Unknown-) (Auras: 120379 - Mod Scale 95-100%)
(@CGUID+89, 83762, 1195, 0, 0, 3, '0', 0, 0, 0, 6597.054, -816.0186, 5.586301, 4.003364, 7200, 0, 0, 0, 0, 0, 0, 0, 0, 21463), -- -Unknown- (Area: -Unknown-)
(@CGUID+90, 83762, 1195, 0, 0, 3, '0', 0, 0, 0, 6566.816, -713.9171, 4.936503, 1.364005, 7200, 0, 0, 0, 0, 0, 0, 0, 0, 21463), -- -Unknown- (Area: -Unknown-)
(@CGUID+91, 83763, 1195, 0, 0, 3, '0', 0, 0, 0, 6575.036, -709.3041, 5.547885, 0.3593428, 7200, 0, 0, 0, 0, 0, 0, 0, 0, 21463), -- -Unknown- (Area: -Unknown-) (Auras: 120379 - Mod Scale 95-100%, 178296 - -Unknown-)
(@CGUID+92, 83762, 1195, 0, 0, 3, '0', 0, 0, 0, 6605.425, -816.5948, 5.77423, 0.7459796, 7200, 0, 0, 0, 0, 0, 0, 0, 0, 21463), -- -Unknown- (Area: -Unknown-) (Auras: 167539 - -Unknown-)
(@CGUID+93, 83776, 1195, 0, 0, 3, '0', 0, 0, 0, 6574.674, -1174.098, 64.02594, 3.141593, 7200, 0, 0, 0, 0, 0, 0, 0, 0, 21463), -- -Unknown- (Area: -Unknown-) (Auras: 46598 - Ride Vehicle Hardcoded, 120379 - Mod Scale 95-100%)
(@CGUID+94, 83682, 1195, 0, 0, 3, '0', 0, 0, 0, 6729.224, -1180.273, 52.32594, 3.141593, 7200, 0, 0, 0, 0, 0, 0, 0, 0, 21463), -- -Unknown- (Area: -Unknown-) (Auras: 46598 - Ride Vehicle Hardcoded, 164620 - -Unknown-, 164266 - -Unknown-)
(@CGUID+95, 83777, 1195, 0, 0, 3, '0', 0, 0, 0, 6679.224, -1180.273, 64.02594, 2.530728, 7200, 0, 0, 0, 0, 0, 0, 0, 0, 21463), -- -Unknown- (Area: -Unknown-) (Auras: 46598 - Ride Vehicle Hardcoded)
(@CGUID+96, 81432, 1195, 0, 0, 3, '0', 0, 0, 0, 6974.765, -826.3993, 4.794528, 5.200421, 7200, 0, 0, 0, 0, 0, 0, 0, 0, 21463), -- -Unknown- (Area: -Unknown-) (Auras: 120379 - Mod Scale 95-100%, 178296 - -Unknown-)
(@CGUID+97, 83613, 1195, 0, 0, 3, '0', 0, 0, 0, 6734.059, -991.184, 23.1295, 0.2268992, 7200, 0, 0, 0, 0, 0, 0, 0, 0, 21463), -- -Unknown- (Area: -Unknown-) (Auras: )
(@CGUID+98, 83673, 1195, 0, 0, 3, '0', 0, 0, 0, 6472.974, -1180.273, 52.32594, 3.141593, 7200, 0, 0, 0, 0, 0, 0, 0, 0, 21463), -- -Unknown- (Area: -Unknown-) (Auras: 46598 - Ride Vehicle Hardcoded, 164553 - -Unknown-)
(@CGUID+99, 83776, 1195, 0, 0, 3, '0', 0, 0, 0, 6662.974, -1174.423, 64.02594, 6.021386, 7200, 0, 0, 0, 0, 0, 0, 0, 0, 21463), -- -Unknown- (Area: -Unknown-) (Auras: 46598 - Ride Vehicle Hardcoded, 120379 - Mod Scale 95-100%)
(@CGUID+100, 83682, 1195, 0, 0, 3, '0', 0, 0, 0, 6779.224, -1180.273, 52.32594, 3.141593, 7200, 0, 0, 0, 0, 0, 0, 0, 0, 21463), -- -Unknown- (Area: -Unknown-) (Auras: 46598 - Ride Vehicle Hardcoded, 164620 - -Unknown-, 164266 - -Unknown-)
(@CGUID+101, 84030, 1195, 0, 0, 3, '0', 0, 0, 0, 6729.707, -975.7404, 39.21143, 6.083838, 7200, 0, 0, 0, 0, 0, 0, 0, 0, 21463), -- -Unknown- (Area: -Unknown-) (Auras: 168537 - -Unknown-)
(@CGUID+102, 83616, 1195, 0, 0, 3, '0', 0, 0, 0, 6738.647, -964.2587, 23.12952, 5.88176, 7200, 0, 0, 0, 0, 0, 0, 0, 0, 21463), -- -Unknown- (Area: -Unknown-) (Auras: 93970 - Ride Vehicle)
(@CGUID+103, 83778, 1195, 0, 0, 3, '0', 0, 0, 0, 6529.224, -1180.273, 52.32594, 3.141593, 7200, 0, 0, 0, 0, 0, 0, 0, 0, 21463), -- -Unknown- (Area: -Unknown-) (Auras: 46598 - Ride Vehicle Hardcoded, 164266 - -Unknown-)
(@CGUID+104, 84109, 1195, 0, 0, 3, '0', 0, 0, 0, 6729.504, -980.3706, 39.47451, 6.083838, 7200, 0, 0, 0, 0, 0, 0, 0, 0, 21463), -- -Unknown- (Area: -Unknown-) (Auras: 168537 - -Unknown-)
(@CGUID+105, 83776, 1195, 0, 0, 3, '0', 0, 0, 0, 6562.974, -1174.423, 64.02594, 6.021386, 7200, 0, 0, 0, 0, 0, 0, 0, 0, 21463), -- -Unknown- (Area: -Unknown-) (Auras: 46598 - Ride Vehicle Hardcoded, 120379 - Mod Scale 95-100%)
(@CGUID+106, 83682, 1195, 0, 0, 3, '0', 0, 0, 0, 6629.224, -1180.273, 52.32594, 3.141593, 7200, 0, 0, 0, 0, 0, 0, 0, 0, 21463), -- -Unknown- (Area: -Unknown-) (Auras: 46598 - Ride Vehicle Hardcoded, 164620 - -Unknown-, 164266 - -Unknown-)
(@CGUID+107, 83777, 1195, 0, 0, 3, '0', 0, 0, 0, 6579.224, -1180.273, 64.02594, 2.530728, 7200, 0, 0, 0, 0, 0, 0, 0, 0, 21463), -- -Unknown- (Area: -Unknown-) (Auras: 46598 - Ride Vehicle Hardcoded)
(@CGUID+108, 81432, 1195, 0, 0, 3, '0', 0, 0, 0, 6947.445, -847.3073, 5.024563, 5.441202, 7200, 0, 0, 0, 0, 0, 0, 0, 0, 21463), -- -Unknown- (Area: -Unknown-) (Auras: 120379 - Mod Scale 95-100%, 178296 - -Unknown-)
(@CGUID+109, 81432, 1195, 0, 0, 3, '0', 0, 0, 0, 6970.458, -846.132, 4.782589, 1.071198, 7200, 0, 0, 0, 0, 0, 0, 0, 0, 21463), -- -Unknown- (Area: -Unknown-) (Auras: 120379 - Mod Scale 95-100%, 178296 - -Unknown-)
(@CGUID+110, 83697, 1195, 0, 0, 3, '0', 0, 0, 0, 6533.012, -813.9643, 5.010145, 3.480116, 7200, 0, 0, 0, 0, 0, 0, 0, 0, 21463), -- -Unknown- (Area: -Unknown-) (Auras: 167542 - -Unknown-)
(@CGUID+111, 83776, 1195, 0, 0, 3, '0', 0, 0, 0, 6674.674, -1174.098, 64.02594, 3.141593, 7200, 0, 0, 0, 0, 0, 0, 0, 0, 21463), -- -Unknown- (Area: -Unknown-) (Auras: 46598 - Ride Vehicle Hardcoded, 120379 - Mod Scale 95-100%)
(@CGUID+112, 80805, 1195, 0, 0, 3, '0', 0, 0, 0, 6500.294, -1193.873, 23.50698, 0, 7200, 0, 0, 0, 0, 0, 0, 0, 0, 21463), -- -Unknown- (Area: -Unknown-) (Auras: 46598 - Ride Vehicle Hardcoded)
(@CGUID+113, 83777, 1195, 0, 0, 3, '0', 0, 0, 0, 6550.294, -1200.373, 23.01949, 2.530728, 7200, 0, 0, 0, 0, 0, 0, 0, 0, 21463), -- -Unknown- (Area: -Unknown-) (Auras: 46598 - Ride Vehicle Hardcoded)
(@CGUID+114, 83776, 1195, 0, 0, 3, '0', 0, 0, 0, 6534.044, -1194.523, 23.01949, 6.021386, 7200, 0, 0, 0, 0, 0, 0, 0, 0, 21463), -- -Unknown- (Area: -Unknown-) (Auras: 46598 - Ride Vehicle Hardcoded, 120379 - Mod Scale 95-100%)
(@CGUID+115, 80808, 1195, 0, 0, 3, '0', 0, 0, 0, 6489.895, -1193.873, 23.50698, 0, 7200, 0, 0, 0, 0, 0, 0, 0, 0, 21463), -- -Unknown- (Area: -Unknown-) (Auras: 46598 - Ride Vehicle Hardcoded)
(@CGUID+116, 80816, 1195, 0, 0, 3, '0', 0, 0, 0, 6510.694, -1193.873, 23.50698, 0, 7200, 0, 0, 0, 0, 0, 0, 0, 0, 21463), -- -Unknown- (Area: -Unknown-) (Auras: 46598 - Ride Vehicle Hardcoded)
(@CGUID+117, 83673, 1195, 0, 0, 3, '0', 0, 0, 0, 6444.044, -1200.373, 11.31948, 3.141593, 7200, 0, 0, 0, 0, 0, 0, 0, 0, 21463), -- -Unknown- (Area: -Unknown-) (Auras: 46598 - Ride Vehicle Hardcoded, 164553 - -Unknown-)
(@CGUID+118, 83682, 1195, 0, 0, 3, '0', 0, 0, 0, 6600.294, -1200.373, 11.31948, 3.141593, 7200, 0, 0, 0, 0, 0, 0, 0, 0, 21463), -- -Unknown- (Area: -Unknown-) (Auras: 46598 - Ride Vehicle Hardcoded, 164620 - -Unknown-, 164266 - -Unknown-)
(@CGUID+119, 83776, 1195, 0, 0, 3, '0', 0, 0, 0, 6545.745, -1194.198, 23.01949, 3.141593, 7200, 0, 0, 0, 0, 0, 0, 0, 0, 21463), -- -Unknown- (Area: -Unknown-) (Auras: 46598 - Ride Vehicle Hardcoded, 120379 - Mod Scale 95-100%)
(@CGUID+120, 83028, 1195, 0, 0, 3, '0', 0, 0, 0, 6841.587, -697.0677, 4.835058, 2.921867, 7200, 0, 0, 0, 0, 0, 0, 0, 0, 21463), -- -Unknown- (Area: -Unknown-) (Auras: 120379 - Mod Scale 95-100%)
(@CGUID+121, 81283, 1195, 0, 0, 3, '0', 0, 0, 0, 6841.652, -683, 4.835057, 3.288373, 7200, 0, 0, 0, 0, 0, 0, 0, 0, 21463), -- -Unknown- (Area: -Unknown-) (Auras: 120379 - Mod Scale 95-100%)
(@CGUID+122, 81283, 1195, 0, 0, 3, '0', 0, 0, 0, 6863.566, -614.3386, 4.826866, 1.595602, 7200, 0, 0, 0, 0, 0, 0, 0, 0, 21463), -- -Unknown- (Area: -Unknown-) (Auras: 120379 - Mod Scale 95-100%)
(@CGUID+123, 81283, 1195, 0, 0, 3, '0', 0, 0, 0, 6807.257, -676.7952, 4.835055, 5.925448, 7200, 0, 0, 0, 0, 0, 0, 0, 0, 21463), -- -Unknown- (Area: -Unknown-) (Auras: 120379 - Mod Scale 95-100%)
(@CGUID+124, 81279, 1195, 0, 0, 3, '0', 0, 0, 0, 6887.71, -708.4323, 55.97562, 4.044693, 7200, 0, 0, 0, 0, 0, 0, 0, 0, 21463), -- -Unknown- (Area: -Unknown-) (Auras: 120379 - Mod Scale 95-100%)
(@CGUID+125, 81283, 1195, 0, 0, 3, '0', 0, 0, 0, 6854.313, -579.6597, 4.830715, 1.000483, 7200, 0, 0, 0, 0, 0, 0, 0, 0, 21463), -- -Unknown- (Area: -Unknown-) (Auras: 120379 - Mod Scale 95-100%)
(@CGUID+126, 83028, 1195, 0, 0, 3, '0', 0, 0, 0, 6793.52, -583.2674, 4.829897, 0.01747247, 7200, 0, 0, 0, 0, 0, 0, 0, 0, 21463), -- -Unknown- (Area: -Unknown-) (Auras: 120379 - Mod Scale 95-100%)
(@CGUID+127, 81432, 1195, 0, 0, 3, '0', 0, 0, 0, 6850.539, -813.3837, 5.020624, 6.266239, 7200, 0, 0, 0, 0, 0, 0, 0, 0, 21463), -- -Unknown- (Area: -Unknown-) (Auras: 120379 - Mod Scale 95-100%)
(@CGUID+128, 83028, 1195, 0, 0, 3, '0', 0, 0, 0, 6857.825, -618.2813, 4.822802, 1.566292, 7200, 0, 0, 0, 0, 0, 0, 0, 0, 21463), -- -Unknown- (Area: -Unknown-) (Auras: 120379 - Mod Scale 95-100%)
(@CGUID+129, 86809, 1195, 0, 0, 3, '0', 0, 0, 0, 6804.686, -612.5729, 4.806499, 0.01011149, 7200, 0, 0, 0, 0, 0, 0, 0, 0, 21463), -- -Unknown- (Area: -Unknown-) (Auras: 120379 - Mod Scale 95-100%)
(@CGUID+130, 83028, 1195, 0, 0, 3, '0', 0, 0, 0, 6865.402, -837.8062, 5.020482, 0.00242418, 7200, 0, 0, 0, 0, 0, 0, 0, 0, 21463), -- -Unknown- (Area: -Unknown-) (Auras: 120379 - Mod Scale 95-100%)
(@CGUID+131, 81432, 1195, 0, 0, 3, '0', 0, 0, 0, 6949.061, -862.7118, 5.020386, 0.2580417, 7200, 0, 0, 0, 0, 0, 0, 0, 0, 21463), -- -Unknown- (Area: -Unknown-) (Auras: 120379 - Mod Scale 95-100%)
(@CGUID+132, 83028, 1195, 0, 0, 3, '0', 0, 0, 0, 6809.147, -616.9965, 4.999653, 0.03307327, 7200, 0, 0, 0, 0, 0, 0, 0, 0, 21463), -- -Unknown- (Area: -Unknown-) (Auras: 120379 - Mod Scale 95-100%)
(@CGUID+133, 83026, 1195, 0, 0, 3, '0', 0, 0, 0, 6794.224, -700.8254, 4.824275, 1.621626, 7200, 0, 0, 0, 0, 0, 0, 0, 0, 21463), -- -Unknown- (Area: -Unknown-) (Auras: )
(@CGUID+134, 81279, 1195, 0, 0, 3, '0', 0, 0, 0, 6883.901, -637.3246, 55.27779, 2.864725, 7200, 0, 0, 0, 0, 0, 0, 0, 0, 21463), -- -Unknown- (Area: -Unknown-) (Auras: 120379 - Mod Scale 95-100%)
(@CGUID+135, 84520, 1195, 0, 0, 3, '0', 0, 0, 0, 6840.477, -703.6024, 4.654507, 2.743666, 7200, 0, 0, 0, 0, 0, 0, 0, 0, 21463), -- -Unknown- (Area: -Unknown-) (Auras: )
(@CGUID+136, 83390, 1195, 0, 0, 3, '0', 0, 0, 0, 6877.658, -1026.644, 26.69865, 4.889439, 7200, 0, 0, 0, 0, 0, 0, 0, 0, 21463), -- -Unknown- (Area: -Unknown-)
(@CGUID+137, 83390, 1195, 0, 0, 3, '0', 0, 0, 0, 6875.076, -1035.299, 27.06695, 4.903079, 7200, 0, 0, 0, 0, 0, 0, 0, 0, 21463), -- -Unknown- (Area: -Unknown-)
(@CGUID+138, 83697, 1195, 0, 0, 3, '0', 0, 0, 0, 6511.313, -902.7518, 5.041803, 3.775135, 7200, 0, 0, 0, 0, 0, 0, 0, 0, 21463), -- -Unknown- (Area: -Unknown-) (Auras: 168552 - -Unknown-)
(@CGUID+139, 83390, 1195, 0, 0, 3, '0', 0, 0, 0, 6877.999, -1040.609, 27.25288, 4.762947, 7200, 0, 0, 0, 0, 0, 0, 0, 0, 21463), -- -Unknown- (Area: -Unknown-)
(@CGUID+140, 83697, 1195, 0, 0, 3, '0', 0, 0, 0, 6500.508, -912.5486, 5.041779, 0.7794742, 7200, 0, 0, 0, 0, 0, 0, 0, 0, 21463), -- -Unknown- (Area: -Unknown-) (Auras: 168552 - -Unknown-)
(@CGUID+141, 83697, 1195, 0, 0, 3, '0', 0, 0, 0, 6479.679, -934.6424, 5.041793, 4.499917, 7200, 0, 0, 0, 0, 0, 0, 0, 0, 21463), -- -Unknown- (Area: -Unknown-) (Auras: )
(@CGUID+142, 83389, 1195, 0, 0, 3, '0', 0, 0, 0, 6809.882, -1086.622, 5.289568, 4.738573, 7200, 0, 0, 0, 0, 0, 0, 0, 0, 21463), -- -Unknown- (Area: -Unknown-)
(@CGUID+143, 83697, 1195, 0, 0, 3, '0', 0, 0, 0, 6475.941, -935.9827, 5.041794, 4.66479, 7200, 0, 0, 0, 0, 0, 0, 0, 0, 21463), -- -Unknown- (Area: -Unknown-) (Auras: )
(@CGUID+144, 83390, 1195, 0, 0, 3, '0', 0, 0, 0, 6812.347, -1102.616, 5.710412, 2.215886, 7200, 0, 0, 0, 0, 0, 0, 0, 0, 21463), -- -Unknown- (Area: -Unknown-)
(@CGUID+145, 81432, 1195, 0, 0, 3, '0', 0, 0, 0, 6651.269, -1091.74, 5.391938, 5.683044, 7200, 0, 0, 0, 0, 0, 0, 0, 0, 21463), -- -Unknown- (Area: -Unknown-) (Auras: 120379 - Mod Scale 95-100%, 178296 - -Unknown-)
(@CGUID+146, 83390, 1195, 0, 0, 3, '0', 0, 0, 0, 6806.025, -1122.142, 5.552345, 1.511499, 7200, 0, 0, 0, 0, 0, 0, 0, 0, 21463), -- -Unknown- (Area: -Unknown-) (Auras: )
(@CGUID+147, 83389, 1195, 0, 0, 3, '0', 0, 0, 0, 6796.419, -1111.778, 5.090409, 5.587099, 7200, 0, 0, 0, 0, 0, 0, 0, 0, 21463), -- -Unknown- (Area: -Unknown-) (Auras: )
(@CGUID+148, 81279, 1195, 0, 0, 3, '0', 0, 0, 0, 6494.858, -1024.83, 4.660019, 2.413792, 7200, 0, 0, 0, 0, 0, 0, 0, 0, 21463), -- -Unknown- (Area: -Unknown-) (Auras: 120379 - Mod Scale 95-100%)
(@CGUID+149, 83390, 1195, 0, 0, 3, '0', 0, 0, 0, 6668.614, -1110.63, 5.9914, 3.996725, 7200, 0, 0, 0, 0, 0, 0, 0, 0, 21463), -- -Unknown- (Area: -Unknown-)
(@CGUID+150, 83025, 1195, 0, 0, 3, '0', 0, 0, 0, 6487.146, -1026.948, 4.660018, 2.335574, 7200, 0, 0, 0, 0, 0, 0, 0, 0, 21463), -- -Unknown- (Area: -Unknown-) (Auras: )
(@CGUID+151, 81432, 1195, 0, 0, 3, '0', 0, 0, 0, 6486.963, -1032.257, 4.660019, 2.591317, 7200, 0, 0, 0, 0, 0, 0, 0, 0, 21463), -- -Unknown- (Area: -Unknown-) (Auras: 120379 - Mod Scale 95-100%, 172625 - -Unknown-)
(@CGUID+152, 83392, 1195, 0, 0, 3, '0', 0, 0, 0, 6654.919, -1119.083, 5.752026, 3.330221, 7200, 0, 0, 0, 0, 0, 0, 0, 0, 21463), -- -Unknown- (Area: -Unknown-) (Auras: 158349 - -Unknown-)
(@CGUID+153, 83390, 1195, 0, 0, 3, '0', 0, 0, 0, 6639.702, -1110.54, 5.448237, 5.668715, 7200, 0, 0, 0, 0, 0, 0, 0, 0, 21463), -- -Unknown- (Area: -Unknown-)
(@CGUID+154, 81279, 1195, 0, 0, 3, '0', 0, 0, 0, 6492.38, -1027.446, 4.660018, 2.253549, 7200, 0, 0, 0, 0, 0, 0, 0, 0, 21463), -- -Unknown- (Area: -Unknown-) (Auras: 120379 - Mod Scale 95-100%)
(@CGUID+155, 81432, 1195, 0, 0, 3, '0', 0, 0, 0, 6467.316, -938.3229, 5.041796, 5.486123, 7200, 0, 0, 0, 0, 0, 0, 0, 0, 21463), -- -Unknown- (Area: -Unknown-) (Auras: 120379 - Mod Scale 95-100%, 178296 - -Unknown-)
(@CGUID+156, 83390, 1195, 0, 0, 3, '0', 0, 0, 0, 6561.038, -1171.058, 12.43046, 6.275778, 7200, 0, 0, 0, 0, 0, 0, 0, 0, 21463), -- -Unknown- (Area: -Unknown-) (Auras: )
(@CGUID+157, 86526, 1195, 0, 0, 3, '0', 0, 0, 0, 6482.308, -867.8258, 4.93914, 2.034265, 7200, 0, 0, 0, 0, 0, 0, 0, 0, 21463), -- -Unknown- (Area: -Unknown-) (Auras: )
(@CGUID+158, 83392, 1195, 0, 0, 3, '0', 0, 0, 0, 6560.267, -1177.518, 12.43046, 6.276913, 7200, 0, 0, 0, 0, 0, 0, 0, 0, 21463), -- -Unknown- (Area: -Unknown-) (Auras: 158349 - -Unknown-)
(@CGUID+159, 83390, 1195, 0, 0, 3, '0', 0, 0, 0, 6664.155, -1171.165, 12.51359, 4.468144, 7200, 0, 0, 0, 0, 0, 0, 0, 0, 21463), -- -Unknown- (Area: -Unknown-) (Auras: )
(@CGUID+160, 83390, 1195, 0, 0, 3, '0', 0, 0, 0, 6646.647, -1172.674, 12.51436, 5.029063, 7200, 0, 0, 0, 0, 0, 0, 0, 0, 21463), -- -Unknown- (Area: -Unknown-) (Auras: )
(@CGUID+161, 86526, 1195, 0, 0, 3, '0', 0, 0, 0, 6471.675, -936.7465, 5.041794, 5.040718, 7200, 0, 0, 0, 0, 0, 0, 0, 0, 21463), -- -Unknown- (Area: -Unknown-) (Auras: )
(@CGUID+162, 83392, 1195, 0, 0, 3, '0', 0, 0, 0, 6656.563, -1184.741, 12.51135, 2.161207, 7200, 0, 0, 0, 0, 0, 0, 0, 0, 21463), -- -Unknown- (Area: -Unknown-) (Auras: 158349 - -Unknown-)
(@CGUID+163, 86565, 1195, 0, 0, 3, '0', 0, 0, 0, 6467.209, -859.4746, 4.845781, 3.775625, 7200, 0, 0, 0, 0, 0, 0, 0, 0, 21463), -- -Unknown- (Area: -Unknown-) (Auras: 173108 - -Unknown-)
(@CGUID+164, 86565, 1195, 0, 0, 3, '0', 0, 0, 0, 6467.209, -859.4746, 4.845781, 3.444026, 7200, 0, 0, 0, 0, 0, 0, 0, 0, 21463), -- -Unknown- (Area: -Unknown-) (Auras: 173108 - -Unknown-)
(@CGUID+165, 86565, 1195, 0, 0, 3, '0', 0, 0, 0, 6467.209, -859.4746, 4.845781, 1.960466, 7200, 0, 0, 0, 0, 0, 0, 0, 0, 21463), -- -Unknown- (Area: -Unknown-) (Auras: 173108 - -Unknown-)
(@CGUID+166, 83390, 1195, 0, 0, 3, '0', 0, 0, 0, 6788.93, -1182.319, 12.51337, 3.172981, 7200, 0, 0, 0, 0, 0, 0, 0, 0, 21463), -- -Unknown- (Area: -Unknown-) (Auras: )
(@CGUID+167, 83389, 1195, 0, 0, 3, '0', 0, 0, 0, 6800.813, -1171.958, 12.5133, 3.052258, 7200, 0, 0, 0, 0, 0, 0, 0, 0, 21463), -- -Unknown- (Area: -Unknown-) (Auras: )
(@CGUID+168, 83390, 1195, 0, 0, 3, '0', 0, 0, 0, 6740.596, -1193.443, 5.041795, 2.521136, 7200, 0, 0, 0, 0, 0, 0, 0, 0, 21463), -- -Unknown- (Area: -Unknown-) (Auras: )
(@CGUID+169, 83389, 1195, 0, 0, 3, '0', 0, 0, 0, 6744.924, -1184.648, 5.041795, 3.661301, 7200, 0, 0, 0, 0, 0, 0, 0, 0, 21463), -- -Unknown- (Area: -Unknown-) (Auras: )
(@CGUID+170, 83392, 1195, 0, 0, 3, '0', 0, 0, 0, 6799.078, -1192.585, 12.51252, 2.858134, 7200, 0, 0, 0, 0, 0, 0, 0, 0, 21463), -- -Unknown- (Area: -Unknown-) (Auras: 158349 - -Unknown-)
(@CGUID+171, 83025, 1195, 0, 0, 3, '0', 0, 0, 0, 6856.829, -1188.063, 4.958354, 0.326198, 7200, 0, 0, 0, 0, 0, 0, 0, 0, 21463), -- -Unknown- (Area: -Unknown-)
(@CGUID+172, 82184, 1195, 0, 0, 3, '0', 0, 0, 0, 6507.538, -1138.472, 5.041811, 1.612865, 7200, 0, 0, 0, 0, 0, 0, 0, 0, 21463), -- -Unknown- (Area: -Unknown-)
(@CGUID+173, 81432, 1195, 0, 0, 3, '0', 0, 0, 0, 6872.469, -1193.383, 4.954605, 0.3215317, 7200, 0, 0, 0, 0, 0, 0, 0, 0, 21463), -- -Unknown- (Area: -Unknown-) (Auras: 120379 - Mod Scale 95-100%, 178296 - -Unknown-)
(@CGUID+174, 73400, 1195, 0, 0, 3, '0', 0, 0, 0, 6648.788, -1174.473, 12.51455, 0, 7200, 0, 0, 0, 0, 0, 0, 0, 0, 21463), -- Healing Ran Invisible Stalker DND (Area: -Unknown-) (Auras: 147490 - Healing Rain Visual)
(@CGUID+175, 84028, 1195, 0, 0, 3, '0', 0, 0, 0, 6879.494, -1175.42, 4.958349, 2.822855, 7200, 0, 0, 0, 0, 0, 0, 0, 0, 21463), -- -Unknown- (Area: -Unknown-)
(@CGUID+176, 89012, 1195, 0, 0, 3, '0', 0, 0, 0, 6904.647, -1135.858, 5.041861, 0.2372738, 7200, 0, 0, 0, 0, 0, 0, 0, 0, 21463), -- -Unknown- (Area: -Unknown-) (Auras: 123978 - Mod Scale 95-120%)
(@CGUID+177, 89012, 1195, 0, 0, 3, '0', 0, 0, 0, 6905.897, -1132.125, 5.041973, 6.265303, 7200, 0, 0, 0, 0, 0, 0, 0, 0, 21463), -- -Unknown- (Area: -Unknown-) (Auras: 123978 - Mod Scale 95-120%)
(@CGUID+178, 89012, 1195, 0, 0, 3, '0', 0, 0, 0, 6921.226, -1194.155, 5.041668, 1.535495, 7200, 0, 0, 0, 0, 0, 0, 0, 0, 21463), -- -Unknown- (Area: -Unknown-) (Auras: 123978 - Mod Scale 95-120%)
(@CGUID+179, 89012, 1195, 0, 0, 3, '0', 0, 0, 0, 6906.343, -1192.443, 5.055414, 0.4201296, 7200, 0, 0, 0, 0, 0, 0, 0, 0, 21463), -- -Unknown- (Area: -Unknown-) (Auras: 123978 - Mod Scale 95-120%)
(@CGUID+180, 89022, 1195, 0, 0, 3, '0', 0, 0, 0, 6910.434, -1188.578, 5.100477, 1.202473, 7200, 0, 0, 0, 0, 0, 0, 0, 0, 21463), -- -Unknown- (Area: -Unknown-)
(@CGUID+181, 89012, 1195, 0, 0, 3, '0', 0, 0, 0, 6905.704, -1134.205, 5.041909, 0.1367086, 7200, 0, 0, 0, 0, 0, 0, 0, 0, 21463), -- -Unknown- (Area: -Unknown-) (Auras: 123978 - Mod Scale 95-120%)
(@CGUID+182, 89012, 1195, 0, 0, 3, '0', 0, 0, 0, 6922.702, -1192.047, 5.041668, 1.826943, 7200, 0, 0, 0, 0, 0, 0, 0, 0, 21463), -- -Unknown- (Area: -Unknown-) (Auras: 123978 - Mod Scale 95-120%)
(@CGUID+183, 89012, 1195, 0, 0, 3, '0', 0, 0, 0, 6906.018, -1194.576, 5.154614, 0.8989851, 7200, 0, 0, 0, 0, 0, 0, 0, 0, 21463), -- -Unknown- (Area: -Unknown-) (Auras: 123978 - Mod Scale 95-120%)
(@CGUID+184, 89021, 1195, 0, 0, 3, '0', 0, 0, 0, 6939.319, -1188.819, 5.041714, 0.8764468, 7200, 0, 0, 0, 0, 0, 0, 0, 0, 21463), -- -Unknown- (Area: -Unknown-)
(@CGUID+185, 89012, 1195, 0, 0, 3, '0', 0, 0, 0, 6909.323, -1193.832, 5.345285, 1.479025, 7200, 0, 0, 0, 0, 0, 0, 0, 0, 21463), -- -Unknown- (Area: -Unknown-) (Auras: 123978 - Mod Scale 95-120%)
(@CGUID+186, 89012, 1195, 0, 0, 3, '0', 0, 0, 0, 6907.979, -1193.226, 5.26162, 1.164647, 7200, 0, 0, 0, 0, 0, 0, 0, 0, 21463), -- -Unknown- (Area: -Unknown-) (Auras: 123978 - Mod Scale 95-120%)
(@CGUID+187, 89012, 1195, 0, 0, 3, '0', 0, 0, 0, 6902.655, -1133.144, 5.04195, 0.04755447, 7200, 0, 0, 0, 0, 0, 0, 0, 0, 21463), -- -Unknown- (Area: -Unknown-) (Auras: 123978 - Mod Scale 95-120%)
(@CGUID+188, 89012, 1195, 0, 0, 3, '0', 0, 0, 0, 6908.138, -1195.674, 5.287598, 1.403725, 7200, 0, 0, 0, 0, 0, 0, 0, 0, 21463), -- -Unknown- (Area: -Unknown-) (Auras: 123978 - Mod Scale 95-120%)
(@CGUID+189, 89022, 1195, 0, 0, 3, '0', 0, 0, 0, 6920.893, -1186.773, 5.04167, 1.408313, 7200, 0, 0, 0, 0, 0, 0, 0, 0, 21463), -- -Unknown- (Area: -Unknown-)
(@CGUID+190, 89012, 1195, 0, 0, 3, '0', 0, 0, 0, 6921.626, -1191.495, 5.041668, 1.630308, 7200, 0, 0, 0, 0, 0, 0, 0, 0, 21463), -- -Unknown- (Area: -Unknown-) (Auras: 123978 - Mod Scale 95-120%)
(@CGUID+191, 89022, 1195, 0, 0, 3, '0', 0, 0, 0, 6911.288, -1133.038, 5.041911, 0, 7200, 0, 0, 0, 0, 0, 0, 0, 0, 21463), -- -Unknown- (Area: -Unknown-)
(@CGUID+192, 89012, 1195, 0, 0, 3, '0', 0, 0, 0, 6920.581, -1191.411, 5.04167, 1.536577, 7200, 0, 0, 0, 0, 0, 0, 0, 0, 21463), -- -Unknown- (Area: -Unknown-) (Auras: 123978 - Mod Scale 95-120%)
(@CGUID+193, 89011, 1195, 0, 0, 3, '0', 0, 0, 0, 6936.557, -1195.031, 5.041675, 1.166825, 7200, 0, 0, 0, 0, 0, 0, 0, 0, 21463), -- -Unknown- (Area: -Unknown-) (Auras: 123978 - Mod Scale 95-120%)
(@CGUID+194, 89012, 1195, 0, 0, 3, '0', 0, 0, 0, 6904.542, -1130.715, 5.04202, 6.170643, 7200, 0, 0, 0, 0, 0, 0, 0, 0, 21463), -- -Unknown- (Area: -Unknown-) (Auras: 123978 - Mod Scale 95-120%)
(@CGUID+195, 89012, 1195, 0, 0, 3, '0', 0, 0, 0, 6919.555, -1194.486, 5.041669, 1.451686, 7200, 0, 0, 0, 0, 0, 0, 0, 0, 21463), -- -Unknown- (Area: -Unknown-) (Auras: 123978 - Mod Scale 95-120%)
(@CGUID+196, 89022, 1195, 0, 0, 3, '0', 0, 0, 0, 6976.757, -1126.422, 5.043828, 3.596947, 7200, 0, 0, 0, 0, 0, 0, 0, 0, 21463), -- -Unknown- (Area: -Unknown-)
(@CGUID+197, 89021, 1195, 0, 0, 3, '0', 0, 0, 0, 6911.585, -1111.946, 5.042835, 5.878509, 7200, 0, 0, 0, 0, 0, 0, 0, 0, 21463), -- -Unknown- (Area: -Unknown-)
(@CGUID+198, 89012, 1195, 0, 0, 3, '0', 0, 0, 0, 6976.45, -1195.415, 5.041681, 1.658524, 7200, 0, 0, 0, 0, 0, 0, 0, 0, 21463), -- -Unknown- (Area: -Unknown-) (Auras: 123978 - Mod Scale 95-120%)
(@CGUID+199, 89021, 1195, 0, 0, 3, '0', 0, 0, 0, 6985.879, -1184.236, 5.041694, 2.353736, 7200, 0, 0, 0, 0, 0, 0, 0, 0, 21463), -- -Unknown- (Area: -Unknown-)
(@CGUID+200, 89012, 1195, 0, 0, 3, '0', 0, 0, 0, 6977.962, -1198.53, 5.041672, 1.827977, 7200, 0, 0, 0, 0, 0, 0, 0, 0, 21463), -- -Unknown- (Area: -Unknown-) (Auras: 123978 - Mod Scale 95-120%)
(@CGUID+201, 89021, 1195, 0, 0, 3, '0', 0, 0, 0, 6990.762, -1172.781, 5.041657, 2.590091, 7200, 0, 0, 0, 0, 0, 0, 0, 0, 21463), -- -Unknown- (Area: -Unknown-)
(@CGUID+202, 89012, 1195, 0, 0, 3, '0', 0, 0, 0, 6904.662, -1097.74, 5.043301, 6.128819, 7200, 0, 0, 0, 0, 0, 0, 0, 0, 21463), -- -Unknown- (Area: -Unknown-) (Auras: 123978 - Mod Scale 95-120%)
(@CGUID+203, 89012, 1195, 0, 0, 3, '0', 0, 0, 0, 6904.172, -1096.036, 5.043436, 5.979722, 7200, 0, 0, 0, 0, 0, 0, 0, 0, 21463), -- -Unknown- (Area: -Unknown-) (Auras: 123978 - Mod Scale 95-120%)
(@CGUID+204, 89012, 1195, 0, 0, 3, '0', 0, 0, 0, 6980.005, -1196.59, 5.041676, 2.245996, 7200, 0, 0, 0, 0, 0, 0, 0, 0, 21463), -- -Unknown- (Area: -Unknown-) (Auras: 123978 - Mod Scale 95-120%)
(@CGUID+205, 89012, 1195, 0, 0, 3, '0', 0, 0, 0, 6976.292, -1198.514, 5.041671, 1.391741, 7200, 0, 0, 0, 0, 0, 0, 0, 0, 21463), -- -Unknown- (Area: -Unknown-) (Auras: 123978 - Mod Scale 95-120%)
(@CGUID+206, 89022, 1195, 0, 0, 3, '0', 0, 0, 0, 6991.168, -1154.644, 5.041689, 3.596947, 7200, 0, 0, 0, 0, 0, 0, 0, 0, 21463), -- -Unknown- (Area: -Unknown-)
(@CGUID+207, 89011, 1195, 0, 0, 3, '0', 0, 0, 0, 6991.269, -1189.049, 5.041714, 2.559511, 7200, 0, 0, 0, 0, 0, 0, 0, 0, 21463), -- -Unknown- (Area: -Unknown-) (Auras: 123978 - Mod Scale 95-120%)
(@CGUID+208, 89012, 1195, 0, 0, 3, '0', 0, 0, 0, 6982.499, -1125.014, 5.044309, 3.528746, 7200, 0, 0, 0, 0, 0, 0, 0, 0, 21463), -- -Unknown- (Area: -Unknown-) (Auras: 123978 - Mod Scale 95-120%)
(@CGUID+209, 89011, 1195, 0, 0, 3, '0', 0, 0, 0, 6964.788, -1198.326, 5.041695, 1.481741, 7200, 0, 0, 0, 0, 0, 0, 0, 0, 21463), -- -Unknown- (Area: -Unknown-) (Auras: 123978 - Mod Scale 95-120%)
(@CGUID+210, 89012, 1195, 0, 0, 3, '0', 0, 0, 0, 6906.026, -1094.168, 5.043654, 5.576322, 7200, 0, 0, 0, 0, 0, 0, 0, 0, 21463), -- -Unknown- (Area: -Unknown-) (Auras: 123978 - Mod Scale 95-120%)
(@CGUID+211, 89022, 1195, 0, 0, 3, '0', 0, 0, 0, 6911.147, -1098.299, 5.043512, 5.903073, 7200, 0, 0, 0, 0, 0, 0, 0, 0, 21463), -- -Unknown- (Area: -Unknown-)
(@CGUID+212, 89012, 1195, 0, 0, 3, '0', 0, 0, 0, 6906.626, -1096.26, 5.043488, 5.904817, 7200, 0, 0, 0, 0, 0, 0, 0, 0, 21463), -- -Unknown- (Area: -Unknown-) (Auras: 123978 - Mod Scale 95-120%)
(@CGUID+213, 89011, 1195, 0, 0, 3, '0', 0, 0, 0, 6905.044, -1109.186, 4.686193, 5.833996, 7200, 0, 0, 0, 0, 0, 0, 0, 0, 21463), -- -Unknown- (Area: -Unknown-) (Auras: 123978 - Mod Scale 95-120%)
(@CGUID+214, 89011, 1195, 0, 0, 3, '0', 0, 0, 0, 6996.791, -1175.052, 5.041676, 3.207129, 7200, 0, 0, 0, 0, 0, 0, 0, 0, 21463), -- -Unknown- (Area: -Unknown-) (Auras: 123978 - Mod Scale 95-120%)
(@CGUID+215, 89021, 1195, 0, 0, 3, '0', 0, 0, 0, 6965.538, -1192.193, 5.289877, 1.430274, 7200, 0, 0, 0, 0, 0, 0, 0, 0, 21463), -- -Unknown- (Area: -Unknown-)
(@CGUID+216, 89012, 1195, 0, 0, 3, '0', 0, 0, 0, 6981.335, -1122.767, 5.044902, 4.050726, 7200, 0, 0, 0, 0, 0, 0, 0, 0, 21463), -- -Unknown- (Area: -Unknown-) (Auras: 123978 - Mod Scale 95-120%)
(@CGUID+217, 89012, 1195, 0, 0, 3, '0', 0, 0, 0, 6904.931, -1099.189, 5.043181, 6.27026, 7200, 0, 0, 0, 0, 0, 0, 0, 0, 21463), -- -Unknown- (Area: -Unknown-) (Auras: 123978 - Mod Scale 95-120%)
(@CGUID+218, 89012, 1195, 0, 0, 3, '0', 0, 0, 0, 6977.989, -1195.714, 5.041674, 1.898785, 7200, 0, 0, 0, 0, 0, 0, 0, 0, 21463), -- -Unknown- (Area: -Unknown-) (Auras: 123978 - Mod Scale 95-120%)
(@CGUID+219, 89022, 1195, 0, 0, 3, '0', 0, 0, 0, 6976.019, -1190.674, 5.289855, 1.93477, 7200, 0, 0, 0, 0, 0, 0, 0, 0, 21463), -- -Unknown- (Area: -Unknown-)
(@CGUID+220, 89012, 1195, 0, 0, 3, '0', 0, 0, 0, 6948.75, -1072.938, 4.686241, 4.926483, 7200, 0, 0, 0, 0, 0, 0, 0, 0, 21463), -- -Unknown- (Area: -Unknown-) (Auras: 123978 - Mod Scale 95-120%)
(@CGUID+221, 89012, 1195, 0, 0, 3, '0', 0, 0, 0, 7000.079, -1151.193, 5.28727, 3.557065, 7200, 0, 0, 0, 0, 0, 0, 0, 0, 21463), -- -Unknown- (Area: -Unknown-) (Auras: 123978 - Mod Scale 95-120%)
(@CGUID+222, 89022, 1195, 0, 0, 3, '0', 0, 0, 0, 6921.962, -1078.411, 4.68624, 4.265201, 7200, 0, 0, 0, 0, 0, 0, 0, 0, 21463), -- -Unknown- (Area: -Unknown-)
(@CGUID+223, 89012, 1195, 0, 0, 3, '0', 0, 0, 0, 6983.532, -1120.991, 5.044352, 3.844959, 7200, 0, 0, 0, 0, 0, 0, 0, 0, 21463), -- -Unknown- (Area: -Unknown-) (Auras: 123978 - Mod Scale 95-120%)
(@CGUID+224, 89012, 1195, 0, 0, 3, '0', 0, 0, 0, 6998.826, -1149.533, 5.284439, 3.869984, 7200, 0, 0, 0, 0, 0, 0, 0, 0, 21463), -- -Unknown- (Area: -Unknown-) (Auras: 123978 - Mod Scale 95-120%)
(@CGUID+225, 89012, 1195, 0, 0, 3, '0', 0, 0, 0, 6925.088, -1072.837, 4.686241, 4.283847, 7200, 0, 0, 0, 0, 0, 0, 0, 0, 21463), -- -Unknown- (Area: -Unknown-) (Auras: 123978 - Mod Scale 95-120%)
(@CGUID+226, 89021, 1195, 0, 0, 3, '0', 0, 0, 0, 6976.891, -1099.608, 5.046022, 3.380803, 7200, 0, 0, 0, 0, 0, 0, 0, 0, 21463), -- -Unknown- (Area: -Unknown-)
(@CGUID+227, 89012, 1195, 0, 0, 3, '0', 0, 0, 0, 6984.849, -1122.71, 5.044324, 3.618411, 7200, 0, 0, 0, 0, 0, 0, 0, 0, 21463), -- -Unknown- (Area: -Unknown-) (Auras: 123978 - Mod Scale 95-120%)
(@CGUID+228, 89012, 1195, 0, 0, 3, '0', 0, 0, 0, 6996.904, -1152.141, 5.289948, 3.596897, 7200, 0, 0, 0, 0, 0, 0, 0, 0, 21463), -- -Unknown- (Area: -Unknown-) (Auras: 123978 - Mod Scale 95-120%)
(@CGUID+229, 89012, 1195, 0, 0, 3, '0', 0, 0, 0, 6984.876, -1126.255, 5.044282, 3.186791, 7200, 0, 0, 0, 0, 0, 0, 0, 0, 21463), -- -Unknown- (Area: -Unknown-) (Auras: 123978 - Mod Scale 95-120%)
(@CGUID+230, 89011, 1195, 0, 0, 3, '0', 0, 0, 0, 6983.699, -1110.748, 5.046051, 3.189841, 7200, 0, 0, 0, 0, 0, 0, 0, 0, 21463), -- -Unknown- (Area: -Unknown-) (Auras: 123978 - Mod Scale 95-120%)
(@CGUID+231, 89022, 1195, 0, 0, 3, '0', 0, 0, 0, 6950.52, -1080.781, 4.686228, 4.876422, 7200, 0, 0, 0, 0, 0, 0, 0, 0, 21463), -- -Unknown- (Area: -Unknown-)
(@CGUID+232, 89012, 1195, 0, 0, 3, '0', 0, 0, 0, 6948.207, -1075.444, 4.68623, 5.065238, 7200, 0, 0, 0, 0, 0, 0, 0, 0, 21463), -- -Unknown- (Area: -Unknown-) (Auras: 123978 - Mod Scale 95-120%)
(@CGUID+233, 89021, 1195, 0, 0, 3, '0', 0, 0, 0, 6960.265, -1079.516, 4.686224, 4.263831, 7200, 0, 0, 0, 0, 0, 0, 0, 0, 21463), -- -Unknown- (Area: -Unknown-)
(@CGUID+234, 89012, 1195, 0, 0, 3, '0', 0, 0, 0, 6926.502, -1073.377, 4.68624, 3.919076, 7200, 0, 0, 0, 0, 0, 0, 0, 0, 21463), -- -Unknown- (Area: -Unknown-) (Auras: 123978 - Mod Scale 95-120%)
(@CGUID+235, 89012, 1195, 0, 0, 3, '0', 0, 0, 0, 6952.728, -1074.243, 4.686226, 4.494544, 7200, 0, 0, 0, 0, 0, 0, 0, 0, 21463), -- -Unknown- (Area: -Unknown-) (Auras: 123978 - Mod Scale 95-120%)
(@CGUID+236, 89012, 1195, 0, 0, 3, '0', 0, 0, 0, 6998.827, -1153.622, 5.248303, 3.191586, 7200, 0, 0, 0, 0, 0, 0, 0, 0, 21463), -- -Unknown- (Area: -Unknown-) (Auras: 123978 - Mod Scale 95-120%)
(@CGUID+237, 89012, 1195, 0, 0, 3, '0', 0, 0, 0, 6950.145, -1076.389, 4.686229, 4.826549, 7200, 0, 0, 0, 0, 0, 0, 0, 0, 21463), -- -Unknown- (Area: -Unknown-) (Auras: 123978 - Mod Scale 95-120%)
(@CGUID+238, 89021, 1195, 0, 0, 3, '0', 0, 0, 0, 6977.171, -1110.108, 5.045233, 2.906046, 7200, 0, 0, 0, 0, 0, 0, 0, 0, 21463), -- -Unknown- (Area: -Unknown-)
(@CGUID+239, 89012, 1195, 0, 0, 3, '0', 0, 0, 0, 6950.802, -1074.073, 4.686228, 4.719609, 7200, 0, 0, 0, 0, 0, 0, 0, 0, 21463), -- -Unknown- (Area: -Unknown-) (Auras: 123978 - Mod Scale 95-120%)
(@CGUID+240, 89012, 1195, 0, 0, 3, '0', 0, 0, 0, 6923.753, -1074.299, 4.686241, 4.525331, 7200, 0, 0, 0, 0, 0, 0, 0, 0, 21463), -- -Unknown- (Area: -Unknown-) (Auras: 123978 - Mod Scale 95-120%)
(@CGUID+241, 89021, 1195, 0, 0, 3, '0', 0, 0, 0, 6932.315, -1082.778, 4.686234, 4.245379, 7200, 0, 0, 0, 0, 0, 0, 0, 0, 21463), -- -Unknown- (Area: -Unknown-)
(@CGUID+242, 89011, 1195, 0, 0, 3, '0', 0, 0, 0, 6935.515, -1075.038, 4.686236, 4.471663, 7200, 0, 0, 0, 0, 0, 0, 0, 0, 21463), -- -Unknown- (Area: -Unknown-) (Auras: 123978 - Mod Scale 95-120%)
(@CGUID+243, 89011, 1195, 0, 0, 3, '0', 0, 0, 0, 6982.211, -1097.448, 5.046909, 3.20702, 7200, 0, 0, 0, 0, 0, 0, 0, 0, 21463), -- -Unknown- (Area: -Unknown-) (Auras: 123978 - Mod Scale 95-120%)
(@CGUID+244, 89012, 1195, 0, 0, 3, '0', 0, 0, 0, 6995.953, -1150.649, 5.289909, 4.031285, 7200, 0, 0, 0, 0, 0, 0, 0, 0, 21463), -- -Unknown- (Area: -Unknown-) (Auras: 123978 - Mod Scale 95-120%)
(@CGUID+245, 89011, 1195, 0, 0, 3, '0', 0, 0, 0, 6961.908, -1074.566, 4.686228, 4.471663, 7200, 0, 0, 0, 0, 0, 0, 0, 0, 21463), -- -Unknown- (Area: -Unknown-) (Auras: 123978 - Mod Scale 95-120%)
(@CGUID+246, 89012, 1195, 0, 0, 3, '0', 0, 0, 0, 6922.629, -1072.601, 4.686241, 4.805708, 7200, 0, 0, 0, 0, 0, 0, 0, 0, 21463), -- -Unknown- (Area: -Unknown-) (Auras: 123978 - Mod Scale 95-120%)
(@CGUID+247, 89012, 1195, 0, 0, 3, '0', 0, 0, 0, 6924.005, -1071.259, 4.686241, 4.378921, 7200, 0, 0, 0, 0, 0, 0, 0, 0, 21463), -- -Unknown- (Area: -Unknown-) (Auras: 123978 - Mod Scale 95-120%)
(@CGUID+248, 83578, 1195, 0, 0, 3, '0', 0, 0, 0, 6504.591, -975.0868, 5.041784, 4.370141, 7200, 0, 0, 0, 0, 0, 0, 0, 0, 19116), -- -Unknown- (Area: -Unknown-) (Auras: 168552 - -Unknown-, 18950 - Invisibility and Stealth Detection)
(@CGUID+249, 83578, 1195, 0, 0, 3, '0', 0, 0, 0, 6485.932, -919.8958, 5.041776, 4.683311, 7200, 0, 0, 0, 0, 0, 0, 0, 0, 19116), -- -Unknown- (Area: -Unknown-) (Auras: 168552 - -Unknown-, 18950 - Invisibility and Stealth Detection)
(@CGUID+250, 83612, 1195, 0, 0, 3, '0', 0, 0, 0, 6729.28, -977.9531, 23.12951, 6.083838, 7200, 0, 0, 0, 0, 0, 0, 0, 0, 19116); -- -Unknown- (Area: -Unknown-) (Auras: )

DELETE FROM `creature_addon` WHERE `guid` BETWEEN @CGUID+0 AND @CGUID+247;
INSERT INTO `creature_addon` (`guid`, `path_id`, `mount`, `bytes1`, `bytes2`, `emote`, `auras`) VALUES
(@CGUID+0, 0, 0, 0, 1, 0, '120379 178296'), -- -Unknown- - 120379 - Mod Scale 95-100%, 178296 - -Unknown-
(@CGUID+1, 0, 0, 0, 1, 0, '120379'), -- -Unknown- - 120379 - Mod Scale 95-100%
(@CGUID+2, 0, 0, 0, 1, 0, '120379 178296'), -- -Unknown- - 120379 - Mod Scale 95-100%, 178296 - -Unknown-
(@CGUID+3, 0, 0, 0, 1, 0, '120379'), -- -Unknown- - 120379 - Mod Scale 95-100%
(@CGUID+4, 0, 0, 0, 1, 0, '120379'), -- -Unknown- - 120379 - Mod Scale 95-100%
(@CGUID+5, 0, 0, 0, 1, 0, '120379'), -- -Unknown- - 120379 - Mod Scale 95-100%
(@CGUID+6, 0, 0, 0, 1, 0, '120379'), -- -Unknown- - 120379 - Mod Scale 95-100%
(@CGUID+7, 0, 0, 0, 1, 0, ''), -- -Unknown-
(@CGUID+8, 0, 0, 0, 1, 0, '120379'), -- -Unknown- - 120379 - Mod Scale 95-100%
(@CGUID+9, 0, 0, 0, 1, 0, '120379'), -- -Unknown- - 120379 - Mod Scale 95-100%
(@CGUID+10, 0, 0, 0, 2, 0, '120379 172802'), -- -Unknown- - 120379 - Mod Scale 95-100%, 172802 - -Unknown-
(@CGUID+11, 0, 0, 0, 1, 0, '120379'), -- -Unknown- - 120379 - Mod Scale 95-100%
(@CGUID+12, 0, 0, 0, 2, 0, '120379 172802'), -- -Unknown- - 120379 - Mod Scale 95-100%, 172802 - -Unknown-
(@CGUID+13, 0, 0, 0, 1, 0, '120379'), -- -Unknown- - 120379 - Mod Scale 95-100%
(@CGUID+14, 0, 0, 0, 1, 0, '120379'), -- -Unknown- - 120379 - Mod Scale 95-100%
(@CGUID+15, 0, 0, 0, 1, 0, ''), -- -Unknown-
(@CGUID+16, 0, 0, 0, 1, 0, '120379 178296'), -- -Unknown- - 120379 - Mod Scale 95-100%, 178296 - -Unknown-
(@CGUID+17, 0, 0, 0, 1, 0, '120379'), -- -Unknown- - 120379 - Mod Scale 95-100%
(@CGUID+18, 0, 0, 0, 1, 0, '120379'), -- -Unknown- - 120379 - Mod Scale 95-100%
(@CGUID+19, 0, 0, 0, 2, 0, '120379 172802'), -- -Unknown- - 120379 - Mod Scale 95-100%, 172802 - -Unknown-
(@CGUID+20, 0, 0, 0, 1, 0, '120379 160758'), -- -Unknown- - 120379 - Mod Scale 95-100%, 160758 - -Unknown-
(@CGUID+21, 0, 0, 0, 1, 0, '167539'), -- -Unknown- - 167539 - -Unknown-
(@CGUID+22, 0, 0, 0, 1, 0, '120379'), -- -Unknown- - 120379 - Mod Scale 95-100%
(@CGUID+23, 0, 0, 0, 1, 0, '120379'), -- -Unknown- - 120379 - Mod Scale 95-100%
(@CGUID+24, 0, 0, 0, 1, 0, '120379'), -- -Unknown- - 120379 - Mod Scale 95-100%
(@CGUID+25, 0, 0, 0, 1, 0, '120379'), -- -Unknown- - 120379 - Mod Scale 95-100%
(@CGUID+26, 0, 0, 0, 2, 0, '120379 172802'), -- -Unknown- - 120379 - Mod Scale 95-100%, 172802 - -Unknown-
(@CGUID+27, 0, 0, 0, 1, 0, '120379'), -- -Unknown- - 120379 - Mod Scale 95-100%
(@CGUID+28, 0, 0, 0, 1, 0, '120379'), -- -Unknown- - 120379 - Mod Scale 95-100%
(@CGUID+29, 0, 0, 0, 1, 0, '167539'), -- -Unknown- - 167539 - -Unknown-
(@CGUID+30, 0, 0, 0, 1, 0, '120379 178296 167539'), -- -Unknown- - 120379 - Mod Scale 95-100%, 178296 - -Unknown-, 167539 - -Unknown-
(@CGUID+31, 0, 0, 0, 1, 0, '120379'), -- -Unknown- - 120379 - Mod Scale 95-100%
(@CGUID+32, 0, 0, 0, 1, 0, '120379'), -- -Unknown- - 120379 - Mod Scale 95-100%
(@CGUID+33, 0, 0, 0, 1, 0, '120379'), -- -Unknown- - 120379 - Mod Scale 95-100%
(@CGUID+34, 0, 0, 0, 1, 0, '120379'), -- -Unknown- - 120379 - Mod Scale 95-100%
(@CGUID+35, 0, 0, 0, 1, 0, ''), -- -Unknown-
(@CGUID+36, 0, 0, 0, 1, 0, '120379'), -- -Unknown- - 120379 - Mod Scale 95-100%
(@CGUID+37, 0, 0, 0, 1, 0, '120379'), -- -Unknown- - 120379 - Mod Scale 95-100%
(@CGUID+38, 0, 0, 0, 1, 0, '120379'), -- -Unknown- - 120379 - Mod Scale 95-100%
(@CGUID+39, 0, 0, 0, 1, 0, '120379'), -- -Unknown- - 120379 - Mod Scale 95-100%
(@CGUID+40, 0, 0, 0, 1, 0, '120379'), -- -Unknown- - 120379 - Mod Scale 95-100%
(@CGUID+41, 0, 0, 0, 1, 0, '120379 172625'), -- -Unknown- - 120379 - Mod Scale 95-100%, 172625 - -Unknown-
(@CGUID+42, 0, 0, 0, 1, 0, '120379 160758'), -- -Unknown- - 120379 - Mod Scale 95-100%, 160758 - -Unknown-
(@CGUID+43, 0, 0, 0, 1, 0, '120379'), -- -Unknown- - 120379 - Mod Scale 95-100%
(@CGUID+44, 0, 0, 0, 1, 0, '120379'), -- -Unknown- - 120379 - Mod Scale 95-100%
(@CGUID+45, 0, 0, 0, 1, 0, '167542'), -- -Unknown- - 167542 - -Unknown-
(@CGUID+46, 0, 0, 0, 1, 0, '120379 178296'), -- -Unknown- - 120379 - Mod Scale 95-100%, 178296 - -Unknown-
(@CGUID+47, 0, 0, 0, 1, 0, '120379'), -- -Unknown- - 120379 - Mod Scale 95-100%
(@CGUID+48, 0, 0, 0, 1, 0, '120379'), -- -Unknown- - 120379 - Mod Scale 95-100%
(@CGUID+49, 0, 0, 0, 1, 0, '120379'), -- -Unknown- - 120379 - Mod Scale 95-100%
(@CGUID+50, 0, 0, 0, 1, 0, '46598'), -- -Unknown- - 46598 - Ride Vehicle Hardcoded
(@CGUID+51, 0, 0, 0, 1, 0, '158349'), -- -Unknown- - 158349 - -Unknown-
(@CGUID+52, 0, 0, 0, 1, 0, '167539'), -- -Unknown- - 167539 - -Unknown-
(@CGUID+53, 0, 0, 0, 1, 0, '120379'), -- -Unknown- - 120379 - Mod Scale 95-100%
(@CGUID+54, 0, 0, 0, 1, 0, '120379'), -- -Unknown- - 120379 - Mod Scale 95-100%
(@CGUID+55, 0, 0, 0, 2, 0, '120379'), -- -Unknown- - 120379 - Mod Scale 95-100%
(@CGUID+56, 0, 0, 0, 1, 0, '120379'), -- -Unknown- - 120379 - Mod Scale 95-100%
(@CGUID+57, 0, 0, 0, 1, 0, '167539'), -- -Unknown- - 167539 - -Unknown-
(@CGUID+58, 0, 0, 0, 1, 0, '167542'), -- -Unknown- - 167542 - -Unknown-
(@CGUID+59, 0, 0, 0, 1, 0, '167539'), -- -Unknown- - 167539 - -Unknown-
(@CGUID+60, 0, 0, 0, 1, 0, '167539'), -- -Unknown- - 167539 - -Unknown-
(@CGUID+61, 0, 0, 0, 2, 0, '120379'), -- -Unknown- - 120379 - Mod Scale 95-100%
(@CGUID+62, 0, 0, 0, 1, 0, '120379'), -- -Unknown- - 120379 - Mod Scale 95-100%
(@CGUID+63, 0, 0, 0, 1, 0, '120379 178296 167539'), -- -Unknown- - 120379 - Mod Scale 95-100%, 178296 - -Unknown-, 167539 - -Unknown-
(@CGUID+64, 0, 0, 0, 1, 0, '167539'), -- -Unknown- - 167539 - -Unknown-
(@CGUID+65, 0, 0, 0, 1, 0, '167539'), -- -Unknown- - 167539 - -Unknown-
(@CGUID+66, 0, 0, 0, 1, 0, '120379 178296'), -- -Unknown- - 120379 - Mod Scale 95-100%, 178296 - -Unknown-
(@CGUID+67, 0, 0, 0, 1, 0, '120379 172625'), -- -Unknown- - 120379 - Mod Scale 95-100%, 172625 - -Unknown-
(@CGUID+68, 0, 0, 0, 1, 0, '120379 160758'), -- -Unknown- - 120379 - Mod Scale 95-100%, 160758 - -Unknown-
(@CGUID+69, 0, 0, 0, 1, 0, '167539'), -- -Unknown- - 167539 - -Unknown-
(@CGUID+70, 0, 0, 0, 2, 0, '120379'), -- -Unknown- - 120379 - Mod Scale 95-100%
(@CGUID+71, 0, 0, 0, 2, 0, '120379'), -- -Unknown- - 120379 - Mod Scale 95-100%
(@CGUID+72, 0, 0, 0, 2, 0, '120379'), -- -Unknown- - 120379 - Mod Scale 95-100%
(@CGUID+73, 0, 0, 0, 1, 0, '167539'), -- -Unknown- - 167539 - -Unknown-
(@CGUID+74, 0, 0, 0, 1, 0, '167542'), -- -Unknown- - 167542 - -Unknown-
(@CGUID+75, 0, 0, 0, 2, 0, '120379'), -- -Unknown- - 120379 - Mod Scale 95-100%
(@CGUID+76, 0, 0, 0, 2, 0, '120379'), -- -Unknown- - 120379 - Mod Scale 95-100%
(@CGUID+77, 0, 0, 0, 1, 0, '167539'), -- -Unknown- - 167539 - -Unknown-
(@CGUID+78, 0, 0, 0, 1, 0, '167539'), -- -Unknown- - 167539 - -Unknown-
(@CGUID+79, 0, 0, 0, 1, 0, '120379 172625'), -- -Unknown- - 120379 - Mod Scale 95-100%, 172625 - -Unknown-
(@CGUID+80, 0, 0, 0, 1, 0, '167539'), -- -Unknown- - 167539 - -Unknown-
(@CGUID+81, 0, 0, 0, 1, 0, '167542'), -- -Unknown- - 167542 - -Unknown-
(@CGUID+82, 0, 0, 0, 2, 0, '120379'), -- -Unknown- - 120379 - Mod Scale 95-100%
(@CGUID+83, 0, 0, 0, 1, 0, ''), -- -Unknown-
(@CGUID+84, 0, 0, 0, 1, 0, '120379 178296'), -- -Unknown- - 120379 - Mod Scale 95-100%, 178296 - -Unknown-
(@CGUID+85, 0, 0, 0, 1, 0, '120379 178296'), -- -Unknown- - 120379 - Mod Scale 95-100%, 178296 - -Unknown-
(@CGUID+86, 0, 0, 0, 1, 0, '120379 160758'), -- -Unknown- - 120379 - Mod Scale 95-100%, 160758 - -Unknown-
(@CGUID+87, 0, 0, 0, 2, 0, '120379'), -- -Unknown- - 120379 - Mod Scale 95-100%
(@CGUID+88, 0, 0, 0, 2, 0, '120379'), -- -Unknown- - 120379 - Mod Scale 95-100%
(@CGUID+89, 0, 0, 0, 1, 0, ''), -- -Unknown-
(@CGUID+90, 0, 0, 0, 1, 0, ''), -- -Unknown-
(@CGUID+91, 0, 0, 0, 1, 0, '120379 178296'), -- -Unknown- - 120379 - Mod Scale 95-100%, 178296 - -Unknown-
(@CGUID+92, 0, 0, 0, 1, 0, '167539'), -- -Unknown- - 167539 - -Unknown-
(@CGUID+93, 0, 0, 0, 2, 0, '46598 120379'), -- -Unknown- - 46598 - Ride Vehicle Hardcoded, 120379 - Mod Scale 95-100%
(@CGUID+94, 0, 0, 0, 1, 0, '46598 164620 164266'), -- -Unknown- - 46598 - Ride Vehicle Hardcoded, 164620 - -Unknown-, 164266 - -Unknown-
(@CGUID+95, 0, 0, 0, 1, 0, '46598'), -- -Unknown- - 46598 - Ride Vehicle Hardcoded
(@CGUID+96, 0, 0, 0, 1, 0, '120379 178296'), -- -Unknown- - 120379 - Mod Scale 95-100%, 178296 - -Unknown-
(@CGUID+97, 0, 0, 0, 1, 0, ''), -- -Unknown-
(@CGUID+98, 0, 0, 0, 1, 0, '46598 164553'), -- -Unknown- - 46598 - Ride Vehicle Hardcoded, 164553 - -Unknown-
(@CGUID+99, 0, 0, 0, 2, 0, '46598 120379'), -- -Unknown- - 46598 - Ride Vehicle Hardcoded, 120379 - Mod Scale 95-100%
(@CGUID+100, 0, 0, 0, 1, 0, '46598 164620 164266'), -- -Unknown- - 46598 - Ride Vehicle Hardcoded, 164620 - -Unknown-, 164266 - -Unknown-
(@CGUID+101, 0, 0, 0, 1, 0, '168537'), -- -Unknown- - 168537 - -Unknown-
(@CGUID+102, 0, 0, 0, 1, 0, '93970'), -- -Unknown- - 93970 - Ride Vehicle
(@CGUID+103, 0, 0, 0, 1, 0, '46598 164266'), -- -Unknown- - 46598 - Ride Vehicle Hardcoded, 164266 - -Unknown-
(@CGUID+104, 0, 0, 0, 1, 0, '168537'), -- -Unknown- - 168537 - -Unknown-
(@CGUID+105, 0, 0, 0, 2, 0, '46598 120379'), -- -Unknown- - 46598 - Ride Vehicle Hardcoded, 120379 - Mod Scale 95-100%
(@CGUID+106, 0, 0, 0, 1, 0, '46598 164620 164266'), -- -Unknown- - 46598 - Ride Vehicle Hardcoded, 164620 - -Unknown-, 164266 - -Unknown-
(@CGUID+107, 0, 0, 0, 1, 0, '46598'), -- -Unknown- - 46598 - Ride Vehicle Hardcoded
(@CGUID+108, 0, 0, 0, 1, 0, '120379 178296'), -- -Unknown- - 120379 - Mod Scale 95-100%, 178296 - -Unknown-
(@CGUID+109, 0, 0, 0, 1, 0, '120379 178296'), -- -Unknown- - 120379 - Mod Scale 95-100%, 178296 - -Unknown-
(@CGUID+110, 0, 0, 0, 1, 0, '167542'), -- -Unknown- - 167542 - -Unknown-
(@CGUID+111, 0, 0, 0, 2, 0, '46598 120379'), -- -Unknown- - 46598 - Ride Vehicle Hardcoded, 120379 - Mod Scale 95-100%
(@CGUID+112, 0, 0, 0, 1, 0, '46598'), -- -Unknown- - 46598 - Ride Vehicle Hardcoded
(@CGUID+113, 0, 0, 0, 1, 0, '46598'), -- -Unknown- - 46598 - Ride Vehicle Hardcoded
(@CGUID+114, 0, 0, 0, 2, 0, '46598 120379'), -- -Unknown- - 46598 - Ride Vehicle Hardcoded, 120379 - Mod Scale 95-100%
(@CGUID+115, 0, 0, 0, 1, 0, '46598'), -- -Unknown- - 46598 - Ride Vehicle Hardcoded
(@CGUID+116, 0, 0, 0, 1, 0, '46598'), -- -Unknown- - 46598 - Ride Vehicle Hardcoded
(@CGUID+117, 0, 0, 0, 1, 0, '46598 164553'), -- -Unknown- - 46598 - Ride Vehicle Hardcoded, 164553 - -Unknown-
(@CGUID+118, 0, 0, 0, 1, 0, '46598 164620 164266'), -- -Unknown- - 46598 - Ride Vehicle Hardcoded, 164620 - -Unknown-, 164266 - -Unknown-
(@CGUID+119, 0, 0, 0, 2, 0, '46598 120379'), -- -Unknown- - 46598 - Ride Vehicle Hardcoded, 120379 - Mod Scale 95-100%
(@CGUID+120, 0, 0, 0, 2, 0, '120379'), -- -Unknown- - 120379 - Mod Scale 95-100%
(@CGUID+121, 0, 0, 0, 1, 0, '120379'), -- -Unknown- - 120379 - Mod Scale 95-100%
(@CGUID+122, 0, 0, 0, 1, 0, '120379'), -- -Unknown- - 120379 - Mod Scale 95-100%
(@CGUID+123, 0, 0, 0, 1, 0, '120379'), -- -Unknown- - 120379 - Mod Scale 95-100%
(@CGUID+124, 0, 0, 0, 1, 0, '120379'), -- -Unknown- - 120379 - Mod Scale 95-100%
(@CGUID+125, 0, 0, 0, 1, 0, '120379'), -- -Unknown- - 120379 - Mod Scale 95-100%
(@CGUID+126, 0, 0, 0, 2, 0, '120379'), -- -Unknown- - 120379 - Mod Scale 95-100%
(@CGUID+127, 0, 0, 0, 1, 0, '120379'), -- -Unknown- - 120379 - Mod Scale 95-100%
(@CGUID+128, 0, 0, 0, 2, 0, '120379'), -- -Unknown- - 120379 - Mod Scale 95-100%
(@CGUID+129, 0, 0, 0, 2, 0, '120379'), -- -Unknown- - 120379 - Mod Scale 95-100%
(@CGUID+130, 0, 0, 0, 2, 0, '120379'), -- -Unknown- - 120379 - Mod Scale 95-100%
(@CGUID+131, 0, 0, 0, 1, 0, '120379'), -- -Unknown- - 120379 - Mod Scale 95-100%
(@CGUID+132, 0, 0, 0, 2, 0, '120379'), -- -Unknown- - 120379 - Mod Scale 95-100%
(@CGUID+133, 0, 0, 0, 1, 0, ''), -- -Unknown-
(@CGUID+134, 0, 0, 0, 1, 0, '120379'), -- -Unknown- - 120379 - Mod Scale 95-100%
(@CGUID+135, 0, 0, 0, 1, 0, ''), -- -Unknown-
(@CGUID+136, 0, 0, 0, 2, 0, ''), -- -Unknown-
(@CGUID+137, 0, 0, 0, 2, 0, ''), -- -Unknown-
(@CGUID+138, 0, 0, 0, 1, 0, '168552'), -- -Unknown- - 168552 - -Unknown-
(@CGUID+139, 0, 0, 0, 2, 0, ''), -- -Unknown-
(@CGUID+140, 0, 0, 0, 1, 0, '168552'), -- -Unknown- - 168552 - -Unknown-
(@CGUID+141, 0, 0, 0, 2, 0, ''), -- -Unknown-
(@CGUID+142, 0, 0, 0, 1, 0, ''), -- -Unknown-
(@CGUID+143, 0, 0, 0, 2, 0, ''), -- -Unknown-
(@CGUID+144, 0, 0, 0, 2, 0, ''), -- -Unknown-
(@CGUID+145, 0, 0, 0, 1, 0, '120379 178296'), -- -Unknown- - 120379 - Mod Scale 95-100%, 178296 - -Unknown-
(@CGUID+146, 0, 0, 0, 2, 0, ''), -- -Unknown-
(@CGUID+147, 0, 0, 0, 1, 0, ''), -- -Unknown-
(@CGUID+148, 0, 0, 0, 2, 0, '120379'), -- -Unknown- - 120379 - Mod Scale 95-100%
(@CGUID+149, 0, 0, 0, 2, 0, ''), -- -Unknown-
(@CGUID+150, 0, 0, 0, 2, 0, ''), -- -Unknown-
(@CGUID+151, 0, 0, 0, 2, 0, '120379 172625'), -- -Unknown- - 120379 - Mod Scale 95-100%, 172625 - -Unknown-
(@CGUID+152, 0, 0, 0, 1, 0, '158349'), -- -Unknown- - 158349 - -Unknown-
(@CGUID+153, 0, 0, 0, 2, 0, ''), -- -Unknown-
(@CGUID+154, 0, 0, 0, 2, 0, '120379'), -- -Unknown- - 120379 - Mod Scale 95-100%
(@CGUID+155, 0, 0, 0, 2, 0, '120379 178296'), -- -Unknown- - 120379 - Mod Scale 95-100%, 178296 - -Unknown-
(@CGUID+156, 0, 0, 0, 2, 0, ''), -- -Unknown-
(@CGUID+157, 0, 0, 0, 1, 0, ''), -- -Unknown-
(@CGUID+158, 0, 0, 0, 1, 0, '158349'), -- -Unknown- - 158349 - -Unknown-
(@CGUID+159, 0, 0, 0, 2, 0, ''), -- -Unknown-
(@CGUID+160, 0, 0, 0, 2, 0, ''), -- -Unknown-
(@CGUID+161, 0, 0, 0, 2, 0, ''), -- -Unknown-
(@CGUID+162, 0, 0, 0, 1, 0, '158349'), -- -Unknown- - 158349 - -Unknown-
(@CGUID+163, 0, 0, 0, 1, 0, '173108'), -- -Unknown- - 173108 - -Unknown-
(@CGUID+164, 0, 0, 0, 1, 0, '173108'), -- -Unknown- - 173108 - -Unknown-
(@CGUID+165, 0, 0, 0, 1, 0, '173108'), -- -Unknown- - 173108 - -Unknown-
(@CGUID+166, 0, 0, 0, 2, 0, ''), -- -Unknown-
(@CGUID+167, 0, 0, 0, 1, 0, ''), -- -Unknown-
(@CGUID+168, 0, 0, 0, 2, 0, ''), -- -Unknown-
(@CGUID+169, 0, 0, 0, 1, 0, ''), -- -Unknown-
(@CGUID+170, 0, 0, 0, 1, 0, '158349'), -- -Unknown- - 158349 - -Unknown-
(@CGUID+171, 0, 0, 0, 1, 0, ''), -- -Unknown-
(@CGUID+172, 0, 0, 0, 1, 0, ''), -- -Unknown-
(@CGUID+173, 0, 0, 0, 1, 0, '120379 178296'), -- -Unknown- - 120379 - Mod Scale 95-100%, 178296 - -Unknown-
(@CGUID+174, 0, 0, 50331648, 1, 0, '147490'), -- Healing Ran Invisible Stalker DND - 147490 - Healing Rain Visual
(@CGUID+175, 0, 0, 0, 1, 0, ''), -- -Unknown-
(@CGUID+176, 0, 0, 0, 1, 0, '123978'), -- -Unknown- - 123978 - Mod Scale 95-120%
(@CGUID+177, 0, 0, 0, 1, 0, '123978'), -- -Unknown- - 123978 - Mod Scale 95-120%
(@CGUID+178, 0, 0, 0, 1, 0, '123978'), -- -Unknown- - 123978 - Mod Scale 95-120%
(@CGUID+179, 0, 0, 0, 1, 0, '123978'), -- -Unknown- - 123978 - Mod Scale 95-120%
(@CGUID+180, 0, 0, 0, 1, 0, ''), -- -Unknown-
(@CGUID+181, 0, 0, 0, 1, 0, '123978'), -- -Unknown- - 123978 - Mod Scale 95-120%
(@CGUID+182, 0, 0, 0, 1, 0, '123978'), -- -Unknown- - 123978 - Mod Scale 95-120%
(@CGUID+183, 0, 0, 0, 1, 0, '123978'), -- -Unknown- - 123978 - Mod Scale 95-120%
(@CGUID+184, 0, 0, 0, 1, 0, ''), -- -Unknown-
(@CGUID+185, 0, 0, 0, 1, 0, '123978'), -- -Unknown- - 123978 - Mod Scale 95-120%
(@CGUID+186, 0, 0, 0, 1, 0, '123978'), -- -Unknown- - 123978 - Mod Scale 95-120%
(@CGUID+187, 0, 0, 0, 1, 0, '123978'), -- -Unknown- - 123978 - Mod Scale 95-120%
(@CGUID+188, 0, 0, 0, 1, 0, '123978'), -- -Unknown- - 123978 - Mod Scale 95-120%
(@CGUID+189, 0, 0, 0, 1, 0, ''), -- -Unknown-
(@CGUID+190, 0, 0, 0, 1, 0, '123978'), -- -Unknown- - 123978 - Mod Scale 95-120%
(@CGUID+191, 0, 0, 0, 1, 0, ''), -- -Unknown-
(@CGUID+192, 0, 0, 0, 1, 0, '123978'), -- -Unknown- - 123978 - Mod Scale 95-120%
(@CGUID+193, 0, 0, 0, 1, 0, '123978'), -- -Unknown- - 123978 - Mod Scale 95-120%
(@CGUID+194, 0, 0, 0, 1, 0, '123978'), -- -Unknown- - 123978 - Mod Scale 95-120%
(@CGUID+195, 0, 0, 0, 1, 0, '123978'), -- -Unknown- - 123978 - Mod Scale 95-120%
(@CGUID+196, 0, 0, 0, 1, 0, ''), -- -Unknown-
(@CGUID+197, 0, 0, 0, 1, 0, ''), -- -Unknown-
(@CGUID+198, 0, 0, 0, 1, 0, '123978'), -- -Unknown- - 123978 - Mod Scale 95-120%
(@CGUID+199, 0, 0, 0, 1, 0, ''), -- -Unknown-
(@CGUID+200, 0, 0, 0, 1, 0, '123978'), -- -Unknown- - 123978 - Mod Scale 95-120%
(@CGUID+201, 0, 0, 0, 1, 0, ''), -- -Unknown-
(@CGUID+202, 0, 0, 0, 1, 0, '123978'), -- -Unknown- - 123978 - Mod Scale 95-120%
(@CGUID+203, 0, 0, 0, 1, 0, '123978'), -- -Unknown- - 123978 - Mod Scale 95-120%
(@CGUID+204, 0, 0, 0, 1, 0, '123978'), -- -Unknown- - 123978 - Mod Scale 95-120%
(@CGUID+205, 0, 0, 0, 1, 0, '123978'), -- -Unknown- - 123978 - Mod Scale 95-120%
(@CGUID+206, 0, 0, 0, 1, 0, ''), -- -Unknown-
(@CGUID+207, 0, 0, 0, 1, 0, '123978'), -- -Unknown- - 123978 - Mod Scale 95-120%
(@CGUID+208, 0, 0, 0, 1, 0, '123978'), -- -Unknown- - 123978 - Mod Scale 95-120%
(@CGUID+209, 0, 0, 0, 1, 0, '123978'), -- -Unknown- - 123978 - Mod Scale 95-120%
(@CGUID+210, 0, 0, 0, 1, 0, '123978'), -- -Unknown- - 123978 - Mod Scale 95-120%
(@CGUID+211, 0, 0, 0, 1, 0, ''), -- -Unknown-
(@CGUID+212, 0, 0, 0, 1, 0, '123978'), -- -Unknown- - 123978 - Mod Scale 95-120%
(@CGUID+213, 0, 0, 0, 1, 0, '123978'), -- -Unknown- - 123978 - Mod Scale 95-120%
(@CGUID+214, 0, 0, 0, 1, 0, '123978'), -- -Unknown- - 123978 - Mod Scale 95-120%
(@CGUID+215, 0, 0, 0, 1, 0, ''), -- -Unknown-
(@CGUID+216, 0, 0, 0, 1, 0, '123978'), -- -Unknown- - 123978 - Mod Scale 95-120%
(@CGUID+217, 0, 0, 0, 1, 0, '123978'), -- -Unknown- - 123978 - Mod Scale 95-120%
(@CGUID+218, 0, 0, 0, 1, 0, '123978'), -- -Unknown- - 123978 - Mod Scale 95-120%
(@CGUID+219, 0, 0, 0, 1, 0, ''), -- -Unknown-
(@CGUID+220, 0, 0, 0, 1, 0, '123978'), -- -Unknown- - 123978 - Mod Scale 95-120%
(@CGUID+221, 0, 0, 0, 1, 0, '123978'), -- -Unknown- - 123978 - Mod Scale 95-120%
(@CGUID+222, 0, 0, 0, 1, 0, ''), -- -Unknown-
(@CGUID+223, 0, 0, 0, 1, 0, '123978'), -- -Unknown- - 123978 - Mod Scale 95-120%
(@CGUID+224, 0, 0, 0, 1, 0, '123978'), -- -Unknown- - 123978 - Mod Scale 95-120%
(@CGUID+225, 0, 0, 0, 1, 0, '123978'), -- -Unknown- - 123978 - Mod Scale 95-120%
(@CGUID+226, 0, 0, 0, 1, 0, ''), -- -Unknown-
(@CGUID+227, 0, 0, 0, 1, 0, '123978'), -- -Unknown- - 123978 - Mod Scale 95-120%
(@CGUID+228, 0, 0, 0, 1, 0, '123978'), -- -Unknown- - 123978 - Mod Scale 95-120%
(@CGUID+229, 0, 0, 0, 1, 0, '123978'), -- -Unknown- - 123978 - Mod Scale 95-120%
(@CGUID+230, 0, 0, 0, 1, 0, '123978'), -- -Unknown- - 123978 - Mod Scale 95-120%
(@CGUID+231, 0, 0, 0, 1, 0, ''), -- -Unknown-
(@CGUID+232, 0, 0, 0, 1, 0, '123978'), -- -Unknown- - 123978 - Mod Scale 95-120%
(@CGUID+233, 0, 0, 0, 1, 0, ''), -- -Unknown-
(@CGUID+234, 0, 0, 0, 1, 0, '123978'), -- -Unknown- - 123978 - Mod Scale 95-120%
(@CGUID+235, 0, 0, 0, 1, 0, '123978'), -- -Unknown- - 123978 - Mod Scale 95-120%
(@CGUID+236, 0, 0, 0, 1, 0, '123978'), -- -Unknown- - 123978 - Mod Scale 95-120%
(@CGUID+237, 0, 0, 0, 1, 0, '123978'), -- -Unknown- - 123978 - Mod Scale 95-120%
(@CGUID+238, 0, 0, 0, 1, 0, ''), -- -Unknown-
(@CGUID+239, 0, 0, 0, 1, 0, '123978'), -- -Unknown- - 123978 - Mod Scale 95-120%
(@CGUID+240, 0, 0, 0, 1, 0, '123978'), -- -Unknown- - 123978 - Mod Scale 95-120%
(@CGUID+241, 0, 0, 0, 1, 0, ''), -- -Unknown-
(@CGUID+242, 0, 0, 0, 1, 0, '123978'), -- -Unknown- - 123978 - Mod Scale 95-120%
(@CGUID+243, 0, 0, 0, 1, 0, '123978'), -- -Unknown- - 123978 - Mod Scale 95-120%
(@CGUID+244, 0, 0, 0, 1, 0, '123978'), -- -Unknown- - 123978 - Mod Scale 95-120%
(@CGUID+245, 0, 0, 0, 1, 0, '123978'), -- -Unknown- - 123978 - Mod Scale 95-120%
(@CGUID+246, 0, 0, 0, 1, 0, '123978'), -- -Unknown- - 123978 - Mod Scale 95-120%
(@CGUID+247, 0, 0, 0, 1, 0, '123978'); -- -Unknown- - 123978 - Mod Scale 95-120%

DELETE FROM gameobject WHERE `guid` BETWEEN @OGUID+0 AND @OGUID+153;
INSERT INTO gameobject (`guid`, `id`, `map`, `zoneId`, `areaId`, `spawnMask`, `PhaseId`, `PhaseGroup`, `position_x`, `position_y`, `position_z`, `orientation`, `rotation0`, `rotation1`, `rotation2`, `rotation3`, `spawntimesecs`, `animprogress`, `state`, `VerifiedBuild`) VALUES
(@OGUID+0, 225754, 1195, 0, 0, 3, 1, 0, 6840.119, -603.5174, 4.838647, 3.122456, 0, 0, 0, 1, 7200, 255, 1, 19116), -- -Unknown- (Area: -Unknown-)
(@OGUID+1, 225754, 1195, 0, 0, 3, 1, 0, 6840.088, -619.3264, 4.91659, 3.199402, 0, 0, 0, 1, 7200, 255, 1, 19116), -- -Unknown- (Area: -Unknown-)
(@OGUID+2, 225754, 1195, 0, 0, 3, 1, 0, 6846.573, -625.2188, 4.751745, 1.589961, 0, 0, 0, 1, 7200, 255, 1, 19116), -- -Unknown- (Area: -Unknown-)
(@OGUID+3, 225754, 1195, 0, 0, 3, 1, 0, 6865.232, -624.5538, 4.74596, 1.589961, 0, 0, 0, 1, 7200, 255, 1, 19116), -- -Unknown- (Area: -Unknown-)
(@OGUID+4, 225754, 1195, 0, 0, 3, 1, 0, 6825.03, -696.0625, 4.751719, 1.581284, 0, 0, 0, 1, 7200, 255, 1, 19116), -- -Unknown- (Area: -Unknown-)
(@OGUID+5, 232490, 1195, 0, 0, 3, 1, 0, 6749.606, -525.25, 6.700158, 4.834604, 0, 0, 0, 1, 7200, 255, 1, 19116), -- -Unknown- (Area: -Unknown-)
(@OGUID+6, 237463, 1195, 0, 0, 3, 1, 0, 6884.269, -734.3993, 4.928424, 5.582861, 0, 0, 0, 1, 7200, 255, 1, 19116), -- -Unknown- (Area: -Unknown-)
(@OGUID+7, 239219, 1195, 0, 0, 3, 1, 0, 6962.137, -1074.737, 4.916672, 4.361121, 0, 0, 8.742278E-08, 1, 7200, 255, 1, 19116), -- -Unknown- (Area: -Unknown-)
(@OGUID+8, 239216, 1195, 0, 0, 3, 1, 0, 6905.505, -1096.701, 4.916672, 5.971927, 0, 0, 8.742278E-08, 1, 7200, 255, 1, 19116), -- -Unknown- (Area: -Unknown-)
(@OGUID+9, 239217, 1195, 0, 0, 3, 1, 0, 6905.336, -1108.767, 4.916672, 5.916643, 0, 0, 8.742278E-08, 1, 7200, 255, 1, 19116), -- -Unknown- (Area: -Unknown-)
(@OGUID+10, 239220, 1195, 0, 0, 3, 1, 0, 6950.176, -1074.685, 4.916672, 4.91182, 0, 0, 8.742278E-08, 1, 7200, 255, 1, 19116), -- -Unknown- (Area: -Unknown-)
(@OGUID+11, 239221, 1195, 0, 0, 3, 1, 0, 6934.443, -1076.197, 4.916672, 4.404866, 0, 0, 8.742278E-08, 1, 7200, 255, 1, 19116), -- -Unknown- (Area: -Unknown-)
(@OGUID+12, 239227, 1195, 0, 0, 3, 1, 0, 6976.985, -1082.107, 4.497754, 3.955503, 0, 0, 8.742278E-08, 1, 7200, 255, 1, 19116), -- -Unknown- (Area: -Unknown-)
(@OGUID+13, 239215, 1195, 0, 0, 3, 1, 0, 6924.454, -1073.08, 4.521191, 4.293779, 0, 0, 8.742278E-08, 1, 7200, 255, 1, 19116), -- -Unknown- (Area: -Unknown-)
(@OGUID+14, 239218, 1195, 0, 0, 3, 1, 0, 6904.547, -1133.025, 4.916672, 0.1034148, 0, 0, 8.742278E-08, 1, 7200, 255, 1, 19116), -- -Unknown- (Area: -Unknown-)
(@OGUID+15, 239226, 1195, 0, 0, 3, 1, 0, 6982.262, -1098.027, 4.916672, 3.41157, 0, 0, 8.742278E-08, 1, 7200, 255, 1, 19116), -- -Unknown- (Area: -Unknown-)
(@OGUID+16, 237462, 1195, 0, 0, 3, 1, 0, 6689.765, -768.1146, 7.780828, 0, 0, 0, 0, 1, 7200, 255, 1, 19116), -- -Unknown- (Area: -Unknown-)
(@OGUID+17, 183440, 1195, 0, 0, 3, 1, 0, 6666.165, -778.0816, 4.931505, 1.555549, 0, 0, 0, 1, 7200, 255, 1, 19116), -- Aldor Target (Area: -Unknown-)
(@OGUID+18, 225754, 1195, 0, 0, 3, 1, 0, 6668.138, -745.6979, 4.926441, 4.729815, 0, 0, 0, 1, 7200, 255, 1, 19116), -- -Unknown- (Area: -Unknown-)
(@OGUID+19, 183440, 1195, 0, 0, 3, 1, 0, 6644.859, -777.1996, 4.942528, 1.678352, 0, 0, 0, 1, 7200, 255, 1, 19116), -- Aldor Target (Area: -Unknown-)
(@OGUID+20, 183440, 1195, 0, 0, 3, 1, 0, 6661.328, -781.8229, 4.952979, 1.482569, 0, 0, 0, 1, 7200, 255, 1, 19116), -- Aldor Target (Area: -Unknown-)
(@OGUID+21, 225754, 1195, 0, 0, 3, 1, 0, 6637.083, -743.8507, 4.960775, 4.7639, 0, 0, 0, 1, 7200, 255, 1, 19116), -- -Unknown- (Area: -Unknown-)
(@OGUID+22, 225754, 1195, 0, 0, 3, 1, 0, 6656.388, -743.3715, 5.275147, 4.729815, 0, 0, 0, 1, 7200, 255, 1, 19116), -- -Unknown- (Area: -Unknown-)
(@OGUID+23, 225754, 1195, 0, 0, 3, 1, 0, 6781.664, -631.743, 5.136488, 6.244737, 0, 0, 0, 1, 7200, 255, 1, 19116), -- -Unknown- (Area: -Unknown-)
(@OGUID+24, 225754, 1195, 0, 0, 3, 1, 0, 6781.549, -607.1458, 5.136088, 6.251055, 0, 0, 0, 1, 7200, 255, 1, 19116), -- -Unknown- (Area: -Unknown-)
(@OGUID+25, 225754, 1195, 0, 0, 3, 1, 0, 6781.492, -593.7674, 5.136175, 6.216971, 0, 0, 0, 1, 7200, 255, 1, 19116), -- -Unknown- (Area: -Unknown-)
(@OGUID+26, 225754, 1195, 0, 0, 3, 1, 0, 6612.972, -696.1354, 4.804033, 1.898944, 0, 0, 0, 1, 7200, 255, 1, 19116), -- -Unknown- (Area: -Unknown-)
(@OGUID+27, 225754, 1195, 0, 0, 3, 1, 0, 6618.655, -745.2101, 4.937664, 4.7639, 0, 0, 0, 1, 7200, 255, 1, 19116), -- -Unknown- (Area: -Unknown-)
(@OGUID+28, 183440, 1195, 0, 0, 3, 1, 0, 6627.9, -776.1962, 5.177606, 1.573522, 0, 0, 0, 1, 7200, 255, 1, 19116), -- Aldor Target (Area: -Unknown-)
(@OGUID+29, 233355, 1195, 0, 0, 3, 1, 0, 6836.7, -615.3403, 4.913786, 3.508995, 0, 0, 0, 1, 7200, 255, 1, 19116), -- -Unknown- (Area: -Unknown-)
(@OGUID+30, 233355, 1195, 0, 0, 3, 1, 0, 6836.596, -607.1111, 4.618983, 2.683897, 0, 0, 0, 1, 7200, 255, 1, 19116), -- -Unknown- (Area: -Unknown-)
(@OGUID+31, 233355, 1195, 0, 0, 3, 1, 0, 6834.635, -610.8438, 4.838648, 3.179363, 0, 0, 0, 1, 7200, 255, 1, 19116), -- -Unknown- (Area: -Unknown-)
(@OGUID+32, 225754, 1195, 0, 0, 3, 1, 0, 6833.254, -572.5226, 4.734603, 3.172599, 0, 0, 0, 1, 7200, 255, 1, 19116), -- -Unknown- (Area: -Unknown-)
(@OGUID+33, 233355, 1195, 0, 0, 3, 1, 0, 6829.032, -575.8941, 4.732526, 2.763515, 0, 0, 0, 1, 7200, 255, 1, 19116), -- -Unknown- (Area: -Unknown-)
(@OGUID+34, 225754, 1195, 0, 0, 3, 1, 0, 6832.843, -587.2674, 4.838654, 3.0812, 0, 0, 0, 1, 7200, 255, 1, 19116), -- -Unknown- (Area: -Unknown-)
(@OGUID+35, 233355, 1195, 0, 0, 3, 1, 0, 6856.913, -589.8924, 4.751758, 5.139128, 0, 0, 0, 1, 7200, 255, 1, 19116), -- -Unknown- (Area: -Unknown-)
(@OGUID+36, 225754, 1195, 0, 0, 3, 1, 0, 6790.32, -554.2309, 4.925416, 5.379821, 0, 0, 0, 1, 7200, 255, 1, 19116), -- -Unknown- (Area: -Unknown-)
(@OGUID+37, 233355, 1195, 0, 0, 3, 1, 0, 6829.742, -583.4757, 4.838667, 3.547439, 0, 0, 0, 1, 7200, 255, 1, 19116), -- -Unknown- (Area: -Unknown-)
(@OGUID+38, 233355, 1195, 0, 0, 3, 1, 0, 6827.254, -580.125, 4.916036, 3.158843, 0, 0, 0, 1, 7200, 255, 1, 19116), -- -Unknown- (Area: -Unknown-)
(@OGUID+39, 233355, 1195, 0, 0, 3, 1, 0, 6850.185, -590.3351, 4.751761, 4.282007, 0, 0, 0, 1, 7200, 255, 1, 19116), -- -Unknown- (Area: -Unknown-)
(@OGUID+40, 233355, 1195, 0, 0, 3, 1, 0, 6853.686, -592.4219, 4.751759, 4.693726, 0, 0, 0, 1, 7200, 255, 1, 19116), -- -Unknown- (Area: -Unknown-)
(@OGUID+41, 239224, 1195, 0, 0, 3, 1, 0, 6983.618, -1123.811, 4.916672, 3.54794, 0, 0, 8.742278E-08, 1, 7200, 255, 1, 19116), -- -Unknown- (Area: -Unknown-)
-- (@OGUID+42, 181621, 1195, 0, 0, 3, 1, 0, 6469.501, -832.5587, 4.827854, 4.509699, 0, 0, 0, 1, 7200, 255, 1, 19116), -- Soulwell (Area: -Unknown-) - !!! might be temporary spawn !!!
(@OGUID+43, 233355, 1195, 0, 0, 3, 1, 0, 6623.44, -780.3403, 4.950782, 1.471879, 0, 0, 0, 1, 7200, 255, 1, 19116), -- -Unknown- (Area: -Unknown-)
(@OGUID+44, 233355, 1195, 0, 0, 3, 1, 0, 6641.838, -780.658, 4.953254, 1.505071, 0, 0, 0, 1, 7200, 255, 1, 19116), -- -Unknown- (Area: -Unknown-)
(@OGUID+45, 239230, 1195, 0, 0, 3, 1, 0, 6935.858, -1194.797, 4.916672, 1.042336, 0, 0, 8.742278E-08, 1, 7200, 255, 1, 19116), -- -Unknown- (Area: -Unknown-)
(@OGUID+46, 239231, 1195, 0, 0, 3, 1, 0, 6964.683, -1200.257, 4.916672, 1.481103, 0, 0, 8.742278E-08, 1, 7200, 255, 1, 19116), -- -Unknown- (Area: -Unknown-)
(@OGUID+47, 239229, 1195, 0, 0, 3, 1, 0, 6920.177, -1192.825, 4.916672, 1.549289, 0, 0, 8.742278E-08, 1, 7200, 255, 1, 19116), -- -Unknown- (Area: -Unknown-)
(@OGUID+48, 233355, 1195, 0, 0, 3, 1, 0, 6620.416, -776.4653, 4.938705, 1.188282, 0, 0, 0, 1, 7200, 255, 1, 19116), -- -Unknown- (Area: -Unknown-)
(@OGUID+49, 239232, 1195, 0, 0, 3, 1, 0, 6978.106, -1197.157, 4.916672, 1.853955, 0, 0, 8.742278E-08, 1, 7200, 255, 1, 19116), -- -Unknown- (Area: -Unknown-)
(@OGUID+50, 239233, 1195, 0, 0, 3, 1, 0, 6991.883, -1190.859, 4.916672, 2.308952, 0, 0, 8.742278E-08, 1, 7200, 255, 1, 19116), -- -Unknown- (Area: -Unknown-)
(@OGUID+51, 233355, 1195, 0, 0, 3, 1, 0, 6638.744, -776.3889, 5.111874, 1.361285, 0, 0, 0, 1, 7200, 255, 1, 19116), -- -Unknown- (Area: -Unknown-)
(@OGUID+52, 239222, 1195, 0, 0, 3, 1, 0, 6998.021, -1151.555, 4.916672, 3.54794, 0, 0, 8.742278E-08, 1, 7200, 255, 1, 19116), -- -Unknown- (Area: -Unknown-)
(@OGUID+53, 239223, 1195, 0, 0, 3, 1, 0, 6996.936, -1176.433, 4.916672, 2.697083, 0, 0, 8.742278E-08, 1, 7200, 255, 1, 19116), -- -Unknown- (Area: -Unknown-)
(@OGUID+54, 233355, 1195, 0, 0, 3, 1, 0, 6658.047, -777.5156, 4.932814, 1.377176, 0, 0, 0, 1, 7200, 255, 1, 19116), -- -Unknown- (Area: -Unknown-)
(@OGUID+55, 237478, 1195, 0, 0, 3, 1, 0, 6717.329, -1172.262, 7.122444, 0, 0, 0, 0, 1, 7200, 255, 1, 19116), -- -Unknown- (Area: -Unknown-)
(@OGUID+56, 239225, 1195, 0, 0, 3, 1, 0, 6984.077, -1111.064, 4.916672, 3.038675, 0, 0, 8.742278E-08, 1, 7200, 255, 1, 19116); -- -Unknown- (Area: -Unknown-)
-- (@OGUID+57, 191083, 1195, 0, 0, 3, 1, 0, 6949.934, -1156.102, 4.958934, 0.05726643, 0, 0, 0, 1, 7200, 255, 1, 19116), -- Demonic Circle: Summon (Area: -Unknown-) - !!! might be temporary spawn !!!

UPDATE creature_model_info SET `BoundingRadius`=0.306, `CombatReach`=1.5 WHERE `DisplayID`=58501; -- 0
UPDATE creature_model_info SET `BoundingRadius`=0.3, `CombatReach`=0.375 WHERE `DisplayID`=32789; -- 0
UPDATE creature_model_info SET `BoundingRadius`=0.9747, `CombatReach`=4.05 WHERE `DisplayID`=45379; -- 0
UPDATE creature_model_info SET `BoundingRadius`=0.38709, `CombatReach`=1.8975 WHERE `DisplayID`=60701; -- 0
UPDATE creature_model_info SET `BoundingRadius`=0.306, `CombatReach`=1.5 WHERE `DisplayID`=61198; -- 0
UPDATE creature_model_info SET `BoundingRadius`=0.375, `CombatReach`=1.25 WHERE `DisplayID`=60855; -- 0
UPDATE creature_model_info SET `BoundingRadius`=0.45, `CombatReach`=1.5 WHERE `DisplayID`=60854; -- 0
UPDATE creature_model_info SET `BoundingRadius`=0.45, `CombatReach`=1.5 WHERE `DisplayID`=60507; -- 0
UPDATE creature_model_info SET `BoundingRadius`=0.383, `CombatReach`=1.5 WHERE `DisplayID`=56182; -- 0
UPDATE creature_model_info SET `BoundingRadius`=0.306, `CombatReach`=1.5 WHERE `DisplayID`=58595; -- 0
UPDATE creature_model_info SET `BoundingRadius`=0.306, `CombatReach`=1.5 WHERE `DisplayID`=59193; -- 0
UPDATE creature_model_info SET `BoundingRadius`=0.4092, `CombatReach`=1.65 WHERE `DisplayID`=54952; -- 0
UPDATE creature_model_info SET `BoundingRadius`=0.3672, `CombatReach`=1.8 WHERE `DisplayID`=61092; -- 0
UPDATE creature_model_info SET `BoundingRadius`=0.372, `CombatReach`=1.5 WHERE `DisplayID`=56659; -- 0
UPDATE creature_model_info SET `BoundingRadius`=1, `CombatReach`=1.5 WHERE `DisplayID`=60860; -- 0
UPDATE creature_model_info SET `BoundingRadius`=0.306, `CombatReach`=1.5 WHERE `DisplayID`=56213; -- 0
UPDATE creature_model_info SET `BoundingRadius`=0.383, `CombatReach`=1.5 WHERE `DisplayID`=59972; -- 0
UPDATE creature_model_info SET `BoundingRadius`=0.2832, `CombatReach`=1.8 WHERE `DisplayID`=52397; -- 0
UPDATE creature_model_info SET `BoundingRadius`=0.306, `CombatReach`=1.5 WHERE `DisplayID`=54367; -- 0
UPDATE creature_model_info SET `BoundingRadius`=0.372, `CombatReach`=1.5 WHERE `DisplayID`=54373; -- 0
UPDATE creature_model_info SET `BoundingRadius`=0.3, `CombatReach`=1.75 WHERE `DisplayID`=58876; -- 0
UPDATE creature_model_info SET `BoundingRadius`=0.383, `CombatReach`=1.5 WHERE `DisplayID`=56610; -- 0
UPDATE creature_model_info SET `BoundingRadius`=0.236, `CombatReach`=1.5 WHERE `DisplayID`=53371; -- 0
UPDATE creature_model_info SET `BoundingRadius`=1, `CombatReach`=1.5 WHERE `DisplayID`=54040; -- 0
UPDATE creature_model_info SET `BoundingRadius`=0.3, `CombatReach`=0.375 WHERE `DisplayID`=45880; -- 0
UPDATE creature_model_info SET `BoundingRadius`=0.306, `CombatReach`=1.5 WHERE `DisplayID`=55562; -- 0
UPDATE creature_model_info SET `BoundingRadius`=0.3366, `CombatReach`=1.65 WHERE `DisplayID`=55742; -- 0
UPDATE creature_model_info SET `BoundingRadius`=0.372, `CombatReach`=1.5 WHERE `DisplayID`=56578; -- 0
UPDATE creature_model_info SET `BoundingRadius`=3.801, `CombatReach`=3.75 WHERE `DisplayID`=56161; -- 0
UPDATE creature_model_info SET `BoundingRadius`=0.3, `CombatReach`=1.5 WHERE `DisplayID`=52598; -- 0
UPDATE creature_model_info SET `BoundingRadius`=0.236, `CombatReach`=1.5 WHERE `DisplayID`=55580; -- 0
UPDATE creature_model_info SET `BoundingRadius`=0.306, `CombatReach`=1.5 WHERE `DisplayID`=56541; -- 0
UPDATE creature_model_info SET `BoundingRadius`=0.236, `CombatReach`=1.5 WHERE `DisplayID`=60986; -- 0
UPDATE creature_model_info SET `BoundingRadius`=0.8725, `CombatReach`=3.75 WHERE `DisplayID`=57461; -- 0
UPDATE creature_model_info SET `BoundingRadius`=0.9747, `CombatReach`=4.05 WHERE `DisplayID`=56709; -- 0
UPDATE creature_model_info SET `BoundingRadius`=0.372, `CombatReach`=1.5 WHERE `DisplayID`=56697; -- 0
UPDATE creature_model_info SET `BoundingRadius`=0.306, `CombatReach`=1.5 WHERE `DisplayID`=56543; -- 0
UPDATE creature_model_info SET `BoundingRadius`=0.3, `CombatReach`=0.375 WHERE `DisplayID`=32791; -- 0
UPDATE creature_model_info SET `BoundingRadius`=0.306, `CombatReach`=1.5 WHERE `DisplayID`=56556; -- 0
UPDATE creature_model_info SET `BoundingRadius`=0.372, `CombatReach`=1.5 WHERE `DisplayID`=56526; -- 0
UPDATE creature_model_info SET `BoundingRadius`=0.07, `CombatReach`=0.875 WHERE `DisplayID`=45995; -- 0
UPDATE creature_model_info SET `BoundingRadius`=0.306, `CombatReach`=1.5 WHERE `DisplayID`=48810; -- 0
UPDATE creature_model_info SET `BoundingRadius`=0.9747, `CombatReach`=4.05 WHERE `DisplayID`=60427; -- 0
UPDATE creature_model_info SET `BoundingRadius`=0.306, `CombatReach`=1.5 WHERE `DisplayID`=55563; -- 0
UPDATE creature_model_info SET `BoundingRadius`=0.306, `CombatReach`=1.5 WHERE `DisplayID`=56704; -- 0
UPDATE creature_model_info SET `BoundingRadius`=0.306, `CombatReach`=1.5 WHERE `DisplayID`=56555; -- 0
UPDATE creature_model_info SET `BoundingRadius`=0.2596, `CombatReach`=1.65 WHERE `DisplayID`=53501; -- 0
UPDATE creature_model_info SET `BoundingRadius`=0.372, `CombatReach`=1.5 WHERE `DisplayID`=53538; -- 0
UPDATE creature_model_info SET `BoundingRadius`=0.306, `CombatReach`=1.5 WHERE `DisplayID`=55595; -- 0
UPDATE creature_model_info SET `BoundingRadius`=0.306, `CombatReach`=1.5 WHERE `DisplayID`=55760; -- 0
UPDATE creature_model_info SET `BoundingRadius`=0.383, `CombatReach`=1.5 WHERE `DisplayID`=56290; -- 0
UPDATE creature_model_info SET `BoundingRadius`=0.372, `CombatReach`=1.5 WHERE `DisplayID`=56563; -- 0
UPDATE creature_model_info SET `BoundingRadius`=0.383, `CombatReach`=1.5 WHERE `DisplayID`=56557; -- 0
UPDATE creature_model_info SET `BoundingRadius`=0.236, `CombatReach`=1.5 WHERE `DisplayID`=61364; -- 0
UPDATE creature_model_info SET `BoundingRadius`=0.3672, `CombatReach`=1.8 WHERE `DisplayID`=53001; -- 0
UPDATE creature_model_info SET `BoundingRadius`=1.6, `CombatReach`=0.8 WHERE `DisplayID`=59135; -- 0
UPDATE creature_model_info SET `BoundingRadius`=0.465, `CombatReach`=1.875 WHERE `DisplayID`=59842; -- 0
UPDATE creature_model_info SET `BoundingRadius`=0.4092, `CombatReach`=1.65 WHERE `DisplayID`=59175; -- 0
UPDATE creature_model_info SET `BoundingRadius`=0.372, `CombatReach`=1.5 WHERE `DisplayID`=59255; -- 0
UPDATE creature_model_info SET `BoundingRadius`=2, `CombatReach`=1 WHERE `DisplayID`=59133; -- 0
UPDATE creature_model_info SET `BoundingRadius`=0.2325, `CombatReach`=1.5 WHERE `DisplayID`=23481; -- 0
UPDATE creature_model_info SET `BoundingRadius`=0.3672, `CombatReach`=1.8 WHERE `DisplayID`=7129; -- 0
UPDATE creature_model_info SET `BoundingRadius`=0.3366, `CombatReach`=1.65 WHERE `DisplayID`=54808; -- 0
UPDATE creature_model_info SET `BoundingRadius`=0.17625, `CombatReach`=0.75 WHERE `DisplayID`=28289; -- 0
UPDATE creature_model_info SET `BoundingRadius`=0.372, `CombatReach`=1.5 WHERE `DisplayID`=59253; -- 0
UPDATE creature_model_info SET `BoundingRadius`=0.465, `CombatReach`=1.875 WHERE `DisplayID`=58229; -- 0
UPDATE creature_model_info SET `BoundingRadius`=0.3672, `CombatReach`=1.8 WHERE `DisplayID`=54554; -- 0
UPDATE creature_model_info SET `BoundingRadius`=0.4092, `CombatReach`=1.65 WHERE `DisplayID`=52012; -- 0
UPDATE creature_model_info SET `BoundingRadius`=0.4, `CombatReach`=1.5 WHERE `DisplayID`=57143; -- 0
UPDATE creature_model_info SET `BoundingRadius`=0.28, `CombatReach`=1.2 WHERE `DisplayID`=57203; -- 0
UPDATE creature_model_info SET `BoundingRadius`=0.7, `CombatReach`=0.7 WHERE `DisplayID`=43163; -- 0
UPDATE creature_model_info SET `BoundingRadius`=0.306, `CombatReach`=1.5 WHERE `DisplayID`=57734; -- 0
UPDATE creature_model_info SET `BoundingRadius`=0.3, `CombatReach`=4 WHERE `DisplayID`=53327; -- 0
UPDATE creature_model_info SET `BoundingRadius`=0.306, `CombatReach`=1.5 WHERE `DisplayID`=56703; -- 0
UPDATE creature_model_info SET `BoundingRadius`=0.9747, `CombatReach`=4.05 WHERE `DisplayID`=59993; -- 0
UPDATE creature_model_info SET `BoundingRadius`=0.306, `CombatReach`=1.5 WHERE `DisplayID`=56544; -- 0
UPDATE creature_model_info SET `BoundingRadius`=0.306, `CombatReach`=1.5 WHERE `DisplayID`=55531; -- 0
UPDATE creature_model_info SET `BoundingRadius`=0.306, `CombatReach`=1.5 WHERE `DisplayID`=56542; -- 0
UPDATE creature_model_info SET `BoundingRadius`=0.372, `CombatReach`=1.5 WHERE `DisplayID`=56527; -- 0
UPDATE creature_model_info SET `BoundingRadius`=0.05, `CombatReach`=0.625 WHERE `DisplayID`=59624; -- 0
UPDATE creature_model_info SET `BoundingRadius`=0.236, `CombatReach`=1.5 WHERE `DisplayID`=55579; -- 0
UPDATE creature_model_info SET `BoundingRadius`=0.372, `CombatReach`=1.5 WHERE `DisplayID`=55581; -- 0
UPDATE creature_model_info SET `BoundingRadius`=0.744, `CombatReach`=3 WHERE `DisplayID`=57837; -- 0
UPDATE creature_model_info SET `BoundingRadius`=1, `CombatReach`=1 WHERE `DisplayID`=58093; -- 0
UPDATE creature_model_info SET `BoundingRadius`=0.558, `CombatReach`=2.25 WHERE `DisplayID`=57840; -- 0
UPDATE creature_model_info SET `BoundingRadius`=3, `CombatReach`=7.5 WHERE `DisplayID`=57836; -- 0
UPDATE creature_model_info SET `BoundingRadius`=0.31, `CombatReach`=1 WHERE `DisplayID`=58195; -- 0
UPDATE creature_model_info SET `BoundingRadius`=0.3304, `CombatReach`=2.1 WHERE `DisplayID`=57979; -- 0
UPDATE creature_model_info SET `BoundingRadius`=0.3304, `CombatReach`=2.1 WHERE `DisplayID`=57978; -- 0
UPDATE creature_model_info SET `BoundingRadius`=0.3, `CombatReach`=5 WHERE `DisplayID`=61552; -- 0
UPDATE creature_model_info SET `BoundingRadius`=0.375, `CombatReach`=0.75 WHERE `DisplayID`=39633; -- 0
UPDATE creature_model_info SET `BoundingRadius`=0.3, `CombatReach`=1.485149 WHERE `DisplayID`=61557; -- 0
UPDATE creature_model_info SET `BoundingRadius`=0.744, `CombatReach`=3 WHERE `DisplayID`=57477; -- 0
UPDATE creature_model_info SET `BoundingRadius`=0.3304, `CombatReach`=2.1 WHERE `DisplayID`=57980; -- 0
UPDATE creature_model_info SET `BoundingRadius`=1.7, `CombatReach`=3.4 WHERE `DisplayID`=45760; -- 0
UPDATE creature_model_info SET `BoundingRadius`=0.295, `CombatReach`=1.875 WHERE `DisplayID`=61281; -- 0
UPDATE creature_model_info SET `BoundingRadius`=0.558, `CombatReach`=2.25 WHERE `DisplayID`=56339; -- 0
UPDATE creature_model_info SET `BoundingRadius`=0.354, `CombatReach`=2.25 WHERE `DisplayID`=57845; -- 0
UPDATE creature_model_info SET `BoundingRadius`=0.558, `CombatReach`=2.25 WHERE `DisplayID`=56403; -- 0
UPDATE creature_model_info SET `BoundingRadius`=0.5, `CombatReach`=1 WHERE `DisplayID`=59698; -- 0
UPDATE creature_model_info SET `BoundingRadius`=0.3068, `CombatReach`=1.95 WHERE `DisplayID`=59708; -- 0
UPDATE creature_model_info SET `BoundingRadius`=0.3068, `CombatReach`=1.95 WHERE `DisplayID`=59661; -- 0
UPDATE creature_model_info SET `BoundingRadius`=0.4464, `CombatReach`=1.8 WHERE `DisplayID`=61340; -- 0
UPDATE creature_model_info SET `BoundingRadius`=0.6696, `CombatReach`=2.7 WHERE `DisplayID`=57476; -- 0
UPDATE creature_model_info SET `BoundingRadius`=0.354, `CombatReach`=2.25 WHERE `DisplayID`=56332; -- 0
UPDATE creature_model_info SET `BoundingRadius`=0.45, `CombatReach`=7.5 WHERE `DisplayID`=52377; -- 0
UPDATE creature_model_info SET `BoundingRadius`=0.558, `CombatReach`=2.25 WHERE `DisplayID`=59543; -- 0
UPDATE creature_model_info SET `BoundingRadius`=1.2, `CombatReach`=6 WHERE `DisplayID`=55352; -- 0
UPDATE creature_model_info SET `BoundingRadius`=0.3, `CombatReach`=9 WHERE `DisplayID`=57815; -- 0
UPDATE creature_model_info SET `BoundingRadius`=0.6, `CombatReach`=8 WHERE `DisplayID`=58013; -- 0
UPDATE creature_model_info SET `BoundingRadius`=0.558, `CombatReach`=2.25 WHERE `DisplayID`=59770; -- 0
UPDATE creature_model_info SET `BoundingRadius`=0.354, `CombatReach`=2.25 WHERE `DisplayID`=59769; -- 0
UPDATE creature_model_info SET `BoundingRadius`=0.6696, `CombatReach`=2.7 WHERE `DisplayID`=58394; -- 0
UPDATE creature_model_info SET `BoundingRadius`=0.4464, `CombatReach`=1.8 WHERE `DisplayID`=57894; -- 0

DELETE FROM creature_equip_template WHERE (`CreatureID`=86459 AND `ID`=1) OR (`CreatureID`=85783 AND `ID`=1) OR (`CreatureID`=81981 AND `ID`=1) OR (`CreatureID`=88424 AND `ID`=1) OR (`CreatureID`=80442 AND `ID`=1) OR (`CreatureID`=84967 AND `ID`=1) OR (`CreatureID`=81688 AND `ID`=1) OR (`CreatureID`=85882 AND `ID`=1) OR (`CreatureID`=81073 AND `ID`=1) OR (`CreatureID`=81792 AND `ID`=1) OR (`CreatureID`=85776 AND `ID`=1) OR (`CreatureID`=83947 AND `ID`=1) OR (`CreatureID`=86822 AND `ID`=1) OR (`CreatureID`=79601 AND `ID`=1) OR (`CreatureID`=79602 AND `ID`=1) OR (`CreatureID`=88392 AND `ID`=1) OR (`CreatureID`=89133 AND `ID`=1) OR (`CreatureID`=79233 AND `ID`=1) OR (`CreatureID`=85759 AND `ID`=1) OR (`CreatureID`=87920 AND `ID`=1) OR (`CreatureID`=88024 AND `ID`=1) OR (`CreatureID`=79837 AND `ID`=2) OR (`CreatureID`=80569 AND `ID`=1) OR (`CreatureID`=80571 AND `ID`=1) OR (`CreatureID`=88608 AND `ID`=1) OR (`CreatureID`=79835 AND `ID`=1) OR (`CreatureID`=79837 AND `ID`=1) OR (`CreatureID`=81368 AND `ID`=1) OR (`CreatureID`=79892 AND `ID`=1) OR (`CreatureID`=87664 AND `ID`=1) OR (`CreatureID`=76928 AND `ID`=1) OR (`CreatureID`=88637 AND `ID`=1) OR (`CreatureID`=86633 AND `ID`=1) OR (`CreatureID`=87908 AND `ID`=1) OR (`CreatureID`=79813 AND `ID`=1) OR (`CreatureID`=79814 AND `ID`=1) OR (`CreatureID`=78466 AND `ID`=1) OR (`CreatureID`=84806 AND `ID`=1) OR (`CreatureID`=88599 AND `ID`=1) OR (`CreatureID`=79925 AND `ID`=1) OR (`CreatureID`=79605 AND `ID`=1) OR (`CreatureID`=80288 AND `ID`=1) OR (`CreatureID`=79619 AND `ID`=1) OR (`CreatureID`=78985 AND `ID`=1) OR (`CreatureID`=84247 AND `ID`=1) OR (`CreatureID`=78495 AND `ID`=1) OR (`CreatureID`=81166 AND `ID`=1) OR (`CreatureID`=83482 AND `ID`=1) OR (`CreatureID`=80299 AND `ID`=1) OR (`CreatureID`=79774 AND `ID`=1) OR (`CreatureID`=78487 AND `ID`=1) OR (`CreatureID`=79781 AND `ID`=1) OR (`CreatureID`=83613 AND `ID`=1) OR (`CreatureID`=83616 AND `ID`=1) OR (`CreatureID`=83762 AND `ID`=2) OR (`CreatureID`=83765 AND `ID`=1) OR (`CreatureID`=84028 AND `ID`=1) OR (`CreatureID`=83764 AND `ID`=1) OR (`CreatureID`=83762 AND `ID`=1) OR (`CreatureID`=86809 AND `ID`=1) OR (`CreatureID`=81283 AND `ID`=1) OR (`CreatureID`=86526 AND `ID`=1) OR (`CreatureID`=83028 AND `ID`=1) OR (`CreatureID`=83025 AND `ID`=1) OR (`CreatureID`=81279 AND `ID`=1) OR (`CreatureID`=81432 AND `ID`=1) OR (`CreatureID`=83390 AND `ID`=1) OR (`CreatureID`=83697 AND `ID`=2) OR (`CreatureID`=84520 AND `ID`=1) OR (`CreatureID`=83697 AND `ID`=1);
INSERT INTO creature_equip_template (`CreatureID`, `ID`, `ItemID1`, `ItemID2`, `ItemID3`) VALUES
(86459, 1, 109579, 0, 50150), -- -Unknown-
(85783, 1, 114979, 0, 0), -- -Unknown-
(81981, 1, 3346, 0, 0), -- -Unknown-
(88424, 1, 32662, 0, 0), -- -Unknown-
(80442, 1, 2901, 0, 0), -- -Unknown-
(84967, 1, 28768, 28768, 0), -- -Unknown-
(81688, 1, 2901, 0, 0), -- -Unknown-
(85882, 1, 0, 0, 71077), -- -Unknown-
(81073, 1, 110235, 110235, 0), -- -Unknown-
(81792, 1, 1910, 0, 0), -- -Unknown-
(85776, 1, 106280, 0, 0), -- -Unknown-
(83947, 1, 31824, 31824, 0), -- -Unknown-
(86822, 1, 55044, 15975, 0), -- -Unknown-
(79601, 1, 14879, 0, 0), -- -Unknown-
(79602, 1, 29433, 0, 49158), -- -Unknown-
(88392, 1, 0, 0, 11021), -- -Unknown-
(89133, 1, 52523, 0, 0), -- -Unknown-
(79233, 1, 10612, 10612, 0), -- -Unknown-
(85759, 1, 94665, 0, 0), -- -Unknown-
(87920, 1, 2717, 0, 15460), -- -Unknown-
(88024, 1, 2178, 1984, 0), -- -Unknown-
(79837, 2, 1910, 0, 0), -- -Unknown-
(80569, 1, 5289, 0, 0), -- -Unknown-
(80571, 1, 5289, 0, 0), -- -Unknown-
(88608, 1, 12742, 0, 0), -- -Unknown-
(79835, 1, 109579, 0, 0), -- -Unknown-
(79837, 1, 109613, 0, 0), -- -Unknown-
(81368, 1, 90032, 0, 0), -- -Unknown-
(79892, 1, 1117, 0, 0), -- -Unknown-
(87664, 1, 1117, 0, 0), -- -Unknown-
(76928, 1, 0, 18425, 0), -- -Unknown-
(88637, 1, 1911, 0, 0), -- -Unknown-
(86633, 1, 3699, 0, 0), -- -Unknown-
(87908, 1, 0, 0, 23051), -- -Unknown-
(79813, 1, 3699, 3698, 0), -- -Unknown-
(79814, 1, 3699, 0, 0), -- -Unknown-
(78466, 1, 4994, 13855, 12523), -- -Unknown-
(84806, 1, 2901, 5956, 0), -- -Unknown-
(88599, 1, 5289, 0, 0), -- -Unknown-
(79925, 1, 2901, 0, 0), -- -Unknown-
(79605, 1, 109579, 0, 0), -- -Unknown-
(80288, 1, 2493, 0, 0), -- -Unknown-
(79619, 1, 1911, 0, 0), -- -Unknown-
(78985, 1, 5597, 0, 0), -- -Unknown-
(84247, 1, 853, 0, 0), -- -Unknown-
(78495, 1, 29433, 0, 0), -- -Unknown-
(81166, 1, 10612, 10612, 0), -- -Unknown-
(83482, 1, 0, 107321, 0), -- -Unknown-
(80299, 1, 109231, 0, 0), -- -Unknown-
(79774, 1, 108921, 0, 0), -- -Unknown-
(78487, 1, 29433, 0, 0), -- -Unknown-
(79781, 1, 5289, 0, 0), -- -Unknown-
(83613, 1, 108470, 108470, 0), -- -Unknown-
(83616, 1, 107260, 0, 0), -- -Unknown-
(83762, 2, 0, 117565, 0), -- -Unknown-
(83765, 1, 107514, 0, 0), -- -Unknown-
(84028, 1, 110960, 0, 0), -- -Unknown-
(83764, 1, 0, 0, 110600), -- -Unknown-
(83762, 1, 117565, 117565, 0), -- -Unknown-
(86809, 1, 0, 0, 108504), -- -Unknown-
(81283, 1, 107514, 0, 0), -- -Unknown-
(86526, 1, 108433, 108437, 0), -- -Unknown-
(83028, 1, 0, 0, 110600), -- -Unknown-
(83025, 1, 108470, 108470, 0), -- -Unknown-
(81279, 1, 0, 0, 111469), -- -Unknown-
(81432, 1, 109596, 0, 0), -- -Unknown-
(83390, 1, 108585, 0, 0), -- -Unknown-
(83697, 2, 117565, 117565, 0), -- -Unknown-
(84520, 1, 110410, 110410, 0), -- -Unknown-
(83697, 1, 0, 117565, 0); -- -Unknown-


DELETE FROM gameobject_template WHERE `entry` IN (237462 /*-Unknown-*/, 237463 /*-Unknown-*/);
INSERT INTO gameobject_template (`entry`, `type`, `displayId`, `name`, `IconName`, `castBarCaption`, `unk1`, `size`, `Data0`, `Data1`, `Data2`, `Data3`, `Data4`, `Data5`, `Data6`, `Data7`, `Data8`, `Data9`, `Data10`, `Data11`, `Data12`, `Data13`, `Data14`, `Data15`, `Data16`, `Data17`, `Data18`, `Data19`, `Data20`, `Data21`, `Data22`, `Data23`, `Data24`, `Data25`, `Data26`, `Data27`, `Data28`, `Data29`, `Data30`, `Data31`, `Data32`, `VerifiedBuild`) VALUES
(237462, 3, 23153, 'Horribly Acidic Solution', 'questinteract', 'Collecting', 1, 2, 1691, 56754, 0, 1, 0, 0, 0, 0, 0, 0, 0, 0, 0, 0, 19676, 0, 0, 0, 0, 0, 0, 0, 0, 0, 0, 0, 0, 0, 0, 0, 0, 0, 0, 19116), -- -Unknown-
(237463, 3, 6846, 'Strange Brass Compass', 'questinteract', 'Collecting', 1, 1.5, 1691, 56755, 0, 1, 0, 0, 0, 0, 0, 0, 0, 0, 0, 0, 19676, 0, 0, 0, 0, 0, 0, 0, 0, 0, 0, 0, 0, 0, 0, 0, 0, 0, 0, 19116); -- -Unknown-

UPDATE gameobject_template SET `Data24`=0, `Data25`=0, `Data26`=0, `Data27`=0, `Data28`=0, `Data29`=0, `Data30`=0, `Data31`=0, `Data32`=0, `VerifiedBuild`=19116 WHERE `entry`=191083; -- 0
UPDATE gameobject_template SET `Data24`=0, `Data25`=0, `Data26`=0, `Data27`=0, `Data28`=0, `Data29`=0, `Data30`=0, `Data31`=0, `Data32`=0, `VerifiedBuild`=19116 WHERE `entry`=239225; -- 0
UPDATE gameobject_template SET `Data24`=0, `Data25`=0, `Data26`=0, `Data27`=0, `Data28`=0, `Data29`=0, `Data30`=0, `Data31`=0, `Data32`=0, `VerifiedBuild`=19116 WHERE `entry`=239223; -- 0
UPDATE gameobject_template SET `Data24`=0, `Data25`=0, `Data26`=0, `Data27`=0, `Data28`=0, `Data29`=0, `Data30`=0, `Data31`=0, `Data32`=0, `VerifiedBuild`=19116 WHERE `entry`=239222; -- 0
UPDATE gameobject_template SET `Data24`=0, `Data25`=0, `Data26`=0, `Data27`=0, `Data28`=0, `Data29`=0, `Data30`=0, `Data31`=0, `Data32`=0, `VerifiedBuild`=19116 WHERE `entry`=237478; -- 0
UPDATE gameobject_template SET `Data24`=0, `Data25`=0, `Data26`=0, `Data27`=0, `Data28`=0, `Data29`=0, `Data30`=0, `Data31`=0, `Data32`=0, `VerifiedBuild`=19116 WHERE `entry`=239233; -- 0
UPDATE gameobject_template SET `Data24`=0, `Data25`=0, `Data26`=0, `Data27`=0, `Data28`=0, `Data29`=0, `Data30`=0, `Data31`=0, `Data32`=0, `VerifiedBuild`=19116 WHERE `entry`=239232; -- 0
UPDATE gameobject_template SET `Data24`=0, `Data25`=0, `Data26`=0, `Data27`=0, `Data28`=0, `Data29`=0, `Data30`=0, `Data31`=0, `Data32`=0, `VerifiedBuild`=19116 WHERE `entry`=239231; -- 0
UPDATE gameobject_template SET `Data24`=0, `Data25`=0, `Data26`=0, `Data27`=0, `Data28`=0, `Data29`=0, `Data30`=0, `Data31`=0, `Data32`=0, `VerifiedBuild`=19116 WHERE `entry`=239230; -- 0
UPDATE gameobject_template SET `Data24`=0, `Data25`=0, `Data26`=0, `Data27`=0, `Data28`=0, `Data29`=0, `Data30`=0, `Data31`=0, `Data32`=0, `VerifiedBuild`=19116 WHERE `entry`=239229; -- 0
UPDATE gameobject_template SET `Data24`=0, `Data25`=0, `Data26`=0, `Data27`=0, `Data28`=0, `Data29`=0, `Data30`=0, `Data31`=0, `Data32`=0, `VerifiedBuild`=19116 WHERE `entry`=239228; -- 0
UPDATE gameobject_template SET `Data24`=0, `Data25`=0, `Data26`=0, `Data27`=0, `Data28`=0, `Data29`=0, `Data30`=0, `Data31`=0, `Data32`=0, `VerifiedBuild`=19116 WHERE `entry`=239224; -- 0
UPDATE gameobject_template SET `Data24`=0, `Data25`=0, `Data26`=0, `Data27`=0, `Data28`=0, `Data29`=0, `Data30`=0, `Data31`=0, `Data32`=0, `VerifiedBuild`=19116 WHERE `entry`=183440; -- 0
UPDATE gameobject_template SET `Data24`=0, `Data25`=0, `Data26`=0, `Data27`=0, `Data28`=0, `Data29`=0, `Data30`=0, `Data31`=0, `Data32`=0, `VerifiedBuild`=19116 WHERE `entry`=239226; -- 0
UPDATE gameobject_template SET `Data24`=0, `Data25`=0, `Data26`=0, `Data27`=0, `Data28`=0, `Data29`=0, `Data30`=0, `Data31`=0, `Data32`=0, `VerifiedBuild`=19116 WHERE `entry`=239218; -- 0
UPDATE gameobject_template SET `Data24`=0, `Data25`=0, `Data26`=0, `Data27`=0, `Data28`=0, `Data29`=0, `Data30`=0, `Data31`=0, `Data32`=0, `VerifiedBuild`=19116 WHERE `entry`=239227; -- 0
UPDATE gameobject_template SET `Data24`=0, `Data25`=0, `Data26`=0, `Data27`=0, `Data28`=0, `Data29`=0, `Data30`=0, `Data31`=0, `Data32`=0, `VerifiedBuild`=19116 WHERE `entry`=239221; -- 0
UPDATE gameobject_template SET `Data24`=0, `Data25`=0, `Data26`=0, `Data27`=0, `Data28`=0, `Data29`=0, `Data30`=0, `Data31`=0, `Data32`=0, `VerifiedBuild`=19116 WHERE `entry`=239220; -- 0
UPDATE gameobject_template SET `Data24`=0, `Data25`=0, `Data26`=0, `Data27`=0, `Data28`=0, `Data29`=0, `Data30`=0, `Data31`=0, `Data32`=0, `VerifiedBuild`=19116 WHERE `entry`=239219; -- 0
UPDATE gameobject_template SET `Data24`=0, `Data25`=0, `Data26`=0, `Data27`=0, `Data28`=0, `Data29`=0, `Data30`=0, `Data31`=0, `Data32`=0, `VerifiedBuild`=19116 WHERE `entry`=239217; -- 0
UPDATE gameobject_template SET `Data24`=0, `Data25`=0, `Data26`=0, `Data27`=0, `Data28`=0, `Data29`=0, `Data30`=0, `Data31`=0, `Data32`=0, `VerifiedBuild`=19116 WHERE `entry`=239216; -- 0
UPDATE gameobject_template SET `Data24`=0, `Data25`=0, `Data26`=0, `Data27`=0, `Data28`=0, `Data29`=0, `Data30`=0, `Data31`=0, `Data32`=0, `VerifiedBuild`=19116 WHERE `entry`=239215; -- 0

